date,open,high,low,close,volume
2017-08-17,315.0,320.0,297.3,301.05,7721.05600479
2017-08-18,300.0,307.5,285.9,293.1,8855.75573207
2017-08-19,293.11,298.29,280.0,289.01,6987.77262938
2017-08-20,289.0,298.6,284.7,298.4,3556.26476689
2017-08-21,297.26,353.0,292.71,319.31,24754.48979057
2017-08-22,319.37,328.8,291.86,312.22,17151.96529224
2017-08-23,313.43,324.68,311.34,315.61,11551.1216036
2017-08-24,315.61,327.49,312.4,323.84,8279.52755141
2017-08-25,323.85,337.22,322.21,329.0,9866.78209119
2017-08-26,329.55,335.12,324.56,332.38,8164.81142142
2017-08-27,332.42,347.55,332.38,347.55,8115.97762703
2017-08-28,347.71,350.29,333.01,346.68,14196.59651634
2017-08-29,346.83,376.55,345.0,372.37,24406.09679048
2017-08-30,372.12,390.68,365.0,383.03,33918.4465685
2017-08-31,383.38,393.0,380.05,388.0,15445.38329735
2017-09-01,387.98,396.0,384.2,390.0,21656.4303218
2017-09-02,390.33,392.45,327.0,351.5,29696.73424378
2017-09-03,351.47,370.2,331.0,350.62,24080.45415912
2017-09-04,350.62,352.16,275.15,300.0,46192.45809245
2017-09-05,302.71,323.76,270.0,316.54,31763.82307242
2017-09-06,316.62,341.6,315.01,337.36,27081.57622229
2017-09-07,337.36,339.89,323.0,335.82,22030.97389679
2017-09-08,335.63,335.63,290.01,305.86,38661.09094919
2017-09-09,305.8,307.96,290.0,303.81,12409.00343127
2017-09-10,303.86,305.98,273.0,298.0,38810.91494963
2017-09-11,298.17,305.99,285.75,297.32,19404.5510051
2017-09-12,297.31,316.5,285.0,293.85,31113.19204216
2017-09-13,293.96,294.31,255.06,275.25,49227.22144466
2017-09-14,275.79,280.68,221.6,223.4,71254.52515182
2017-09-15,223.1,266.0,201.0,257.36,96220.55380527
2017-09-16,257.38,271.34,240.47,253.08,31459.44457569
2017-09-17,253.08,263.88,236.03,257.1,19524.26276482
2017-09-18,257.08,299.91,256.76,298.0,48043.63474988
2017-09-19,298.0,299.69,275.58,282.62,23891.50811787
2017-09-20,283.11,293.02,276.43,283.51,17131.23956029
2017-09-21,283.6,288.04,250.01,258.25,29303.7983277
2017-09-22,258.17,274.0,250.0,262.89,18940.51002368
2017-09-23,263.0,286.28,258.95,285.58,15794.12191307
2017-09-24,285.31,294.22,275.59,283.58,14555.1617993
2017-09-25,283.48,297.53,282.2,294.97,23119.10405932
2017-09-26,294.45,295.3,285.22,288.94,14621.77247701
2017-09-27,288.43,313.0,287.22,310.35,35535.29280781
2017-09-28,310.38,310.96,294.52,302.42,17837.48707232
2017-09-29,302.42,303.59,278.42,291.57,26694.46396589
2017-09-30,291.65,304.76,283.0,301.35,12088.50954253
2017-10-01,300.99,303.06,286.16,302.92,8878.18362142
2017-10-02,301.24,303.06,290.6,296.97,12389.09696617
2017-10-03,296.13,299.4,286.12,292.21,9777.24144635
2017-10-04,291.82,295.56,288.25,291.79,5064.3495738
2017-10-05,291.4,297.5,286.5,294.61,8857.34592349
2017-10-06,294.6,308.8,292.71,307.52,11383.77355072
2017-10-07,307.52,314.43,301.0,311.0,7447.76466495
2017-10-08,311.0,313.9,307.01,308.65,9729.24569975
2017-10-09,308.63,309.75,285.0,295.94,25098.30939102
2017-10-10,296.8,304.99,291.0,298.06,9936.99644291
2017-10-11,298.98,304.43,297.0,303.25,8729.10742425
2017-10-12,303.07,308.47,299.01,302.71,23629.26855501
2017-10-13,302.71,348.48,295.76,336.87,47912.99499012
2017-10-14,337.41,346.69,333.02,338.04,16447.95673139
2017-10-15,338.02,341.35,315.7,335.21,14621.63092177
2017-10-16,335.26,350.96,330.6,333.59,23137.62269907
2017-10-17,334.03,335.1,310.22,316.6,20244.1571521
2017-10-18,315.82,316.1,287.08,314.1,25956.80551115
2017-10-19,314.1,316.75,304.31,308.17,13266.9724963
2017-10-20,307.5,312.01,301.0,302.4,12534.62189067
2017-10-21,302.82,303.98,290.34,299.1,24630.17933761
2017-10-22,299.58,305.57,289.49,294.07,14826.73222447
2017-10-23,293.71,293.71,271.54,285.03,24123.5690505
2017-10-24,283.93,312.62,277.06,297.13,21543.71429682
2017-10-25,297.37,301.78,289.21,296.57,6865.55079154
2017-10-26,296.32,301.44,293.45,295.63,6495.999273
2017-10-27,295.43,299.49,292.0,296.23,5263.07588639
2017-10-28,296.23,297.9,291.75,293.25,5953.23551042
2017-10-29,293.78,311.0,292.97,303.59,12533.33952386
2017-10-30,303.02,310.99,303.0,306.6,8536.32402483
2017-10-31,306.6,310.4,301.28,303.26,13135.66930374
2017-11-01,303.25,306.25,287.0,289.07,14890.80828958
2017-11-02,289.05,293.12,275.0,284.83,30397.49366984
2017-11-03,284.79,309.42,282.24,305.28,25663.39957272
2017-11-04,305.3,306.9,292.0,300.55,8940.19614641
2017-11-05,300.73,301.46,294.03,294.6,5955.28560611
2017-11-06,295.72,304.48,291.5,296.62,19377.80677147
2017-11-07,297.33,306.23,284.01,292.79,30525.1415652
2017-11-08,292.52,321.99,291.06,307.88,32524.21168874
2017-11-09,307.88,331.7,306.5,321.32,31581.09654972
2017-11-10,320.18,325.61,291.0,298.66,34590.34843978
2017-11-11,298.65,322.19,298.0,315.76,23901.1130984
2017-11-12,315.29,318.98,300.11,306.1,48405.90567305
2017-11-13,306.11,320.69,305.91,316.14,36675.53656373
2017-11-14,315.81,340.99,314.95,335.54,48769.56525487
2017-11-15,335.54,340.0,323.19,331.88,27052.55090428
2017-11-16,332.44,335.16,321.0,329.91,34360.47747172
2017-11-17,330.88,334.86,325.0,331.25,24845.11826143
2017-11-18,331.2,349.31,326.3,346.96,26074.43356319
2017-11-19,346.96,372.0,344.01,354.48,32139.68458712
2017-11-20,354.49,372.88,350.0,366.0,28170.70037594
2017-11-21,367.52,372.94,345.52,359.6,51145.16929592
2017-11-22,359.93,383.94,358.33,380.88,34942.54547529
2017-11-23,381.78,426.04,370.11,406.75,77408.69415541
2017-11-24,406.75,478.99,395.0,471.17,84954.02729429
2017-11-25,470.73,483.0,451.0,463.0,31084.17084751
2017-11-26,461.89,472.76,438.09,467.0,29143.13609488
2017-11-27,468.99,487.0,456.24,474.67,53900.59365283
2017-11-28,474.21,478.15,457.61,464.95,49678.06856814
2017-11-29,464.1,519.23,403.0,423.9,129280.99805873
2017-11-30,424.0,455.99,388.0,435.09,59144.71280639
2017-12-01,435.0,469.4,415.16,460.3,30626.87441244
2017-12-02,459.6,472.32,447.0,456.04,23203.04203086
2017-12-03,456.06,482.8,441.02,463.0,33041.91584327
2017-12-04,463.0,473.9,446.2,467.83,31067.36127569
2017-12-05,467.83,471.9,450.49,455.76,22812.03047721
2017-12-06,453.71,459.85,405.88,415.83,50979.87361894
2017-12-07,417.09,436.42,400.0,411.03,50448.60557102
2017-12-08,411.38,454.85,391.0,440.27,58296.62632362
2017-12-09,441.58,497.99,430.2,456.38,49940.3503449
2017-12-10,456.41,459.44,401.33,425.07,29510.02802742
2017-12-11,421.17,505.0,421.17,503.47,44543.4473361
2017-12-12,500.9,645.55,487.0,620.59,104502.62988733
2017-12-13,622.42,742.23,585.0,694.5,127713.16912867
2017-12-14,694.5,745.0,647.5,689.69,89396.17077403
2017-12-15,689.82,692.5,601.13,676.36,54771.22414446
2017-12-16,676.37,711.77,665.5,684.0,23905.71516979
2017-12-17,683.98,726.0,683.06,706.91,27771.4217425
2017-12-18,709.96,800.39,671.56,787.28,57460.07555452
2017-12-19,786.98,870.0,772.91,817.72,87098.12962617
2017-12-20,816.98,833.67,721.02,797.1,81483.01657849
2017-12-21,799.91,842.73,752.0,783.8,75451.39348008
2017-12-22,786.99,792.5,501.0,669.36,163195.8047693
2017-12-23,670.11,755.0,649.57,699.86,40879.14344014
2017-12-24,702.83,704.93,604.19,686.96,45120.39316201
2017-12-25,691.72,750.0,684.0,724.0,42706.02483995
2017-12-26,724.98,765.0,716.7,751.09,24164.54087125
2017-12-27,751.1,770.0,704.54,738.78,53760.84887956
2017-12-28,738.73,739.8,666.0,717.23,40099.34231731
2017-12-29,719.89,758.0,709.0,732.67,44816.84091656
2017-12-30,733.05,740.72,659.06,698.46,59596.87471713
2017-12-31,698.45,759.08,687.03,743.48,24771.962541
2018-01-01,743.5,768.87,722.02,752.78,29181.94175805
2018-01-02,754.5,888.0,754.5,858.6,67628.4884339
2018-01-03,858.6,950.0,850.0,940.4,57117.2088194
2018-01-04,938.09,999.91,895.52,940.0,77160.74368814
2018-01-05,940.49,1022.0,924.69,966.0,52023.54146674
2018-01-06,967.46,1009.22,950.01,1004.27,29967.35739899
2018-01-07,1004.25,1118.72,1000.0,1117.96,47293.11325527
2018-01-08,1116.96,1229.76,964.0,1130.0,109474.64428074
2018-01-09,1135.94,1301.0,1115.0,1287.47,102885.3832567
2018-01-10,1287.45,1378.99,1187.96,1240.48,96347.51361575
2018-01-11,1247.79,1334.33,1100.0,1135.0,95639.75436083
2018-01-12,1139.45,1288.34,1080.59,1258.68,46451.21395109
2018-01-13,1258.68,1420.0,1256.0,1384.78,41803.410045
2018-01-14,1381.52,1389.0,1265.0,1359.59,35328.24387125
2018-01-15,1359.59,1379.0,1269.0,1276.71,33997.65406904
2018-01-16,1272.66,1281.16,862.11,1057.88,127923.04522706
2018-01-17,1057.88,1109.58,761.61,1029.22,179200.00301695
2018-01-18,1029.22,1105.0,951.12,1024.69,96056.33730588
2018-01-19,1024.66,1095.0,995.01,1036.03,49838.56906755
2018-01-20,1039.83,1171.0,1036.03,1150.0,31922.40626022
2018-01-21,1149.99,1151.0,1008.0,1049.09,37050.56478962
2018-01-22,1052.35,1092.0,917.0,997.21,48389.73439174
2018-01-23,999.29,1024.98,905.0,983.7,61938.02964865
2018-01-24,987.56,1069.65,957.69,1065.0,44493.76299656
2018-01-25,1064.84,1105.0,1014.48,1050.0,62196.24467522
2018-01-26,1049.92,1075.9,984.0,1051.81,39359.62218118
2018-01-27,1051.92,1126.01,1034.45,1115.51,29317.95416435
2018-01-28,1115.15,1240.0,1099.76,1229.41,29175.41570382
2018-01-29,1229.97,1239.0,1141.0,1168.0,40475.91316314
2018-01-30,1168.0,1172.0,1025.77,1051.54,61847.15177457
2018-01-31,1054.55,1118.88,1010.77,1110.14,34149.46526721
2018-02-01,1110.14,1152.05,936.0,1022.08,92033.54931148
2018-02-02,1020.16,1020.16,731.0,918.39,184904.2375942
2018-02-03,918.38,995.0,838.67,969.93,27592.48525909
2018-02-04,969.96,969.96,782.0,826.51,37124.17772738
2018-02-05,825.13,855.0,632.0,692.36,128779.91437638
2018-02-06,692.38,808.0,565.0,784.01,157935.74997721
2018-02-07,788.13,866.05,720.01,752.89,75081.12515266
2018-02-08,753.95,846.28,748.42,812.01,40467.31905615
2018-02-09,814.32,883.07,780.88,875.1,40273.37266013
2018-02-10,879.86,913.3,815.0,851.83,32319.24474698
2018-02-11,851.84,855.19,775.99,809.69,25362.85834689
2018-02-12,811.0,877.95,808.52,865.57,23687.08996852
2018-02-13,866.86,869.14,819.31,841.82,24840.28203477
2018-02-14,841.82,924.52,839.75,922.98,43648.22139283
2018-02-15,922.98,951.25,905.0,927.91,41358.45209566
2018-02-16,927.5,947.87,908.0,940.0,23773.48259549
2018-02-17,940.87,980.0,935.25,977.74,20558.71352157
2018-02-18,977.55,983.31,905.52,912.85,28492.25011204
2018-02-19,913.42,955.58,906.0,938.05,14832.72496155
2018-02-20,939.28,958.74,874.0,884.24,25435.7651672
2018-02-21,884.25,906.09,816.0,837.98,34498.7100109
2018-02-22,840.07,871.81,789.99,803.57,26905.04775256
2018-02-23,805.08,883.44,787.0,851.98,20669.20061454
2018-02-24,852.5,878.0,809.01,835.74,11028.28615971
2018-02-25,835.74,851.38,818.38,842.65,8988.89175788
2018-02-26,842.82,880.0,834.77,868.4,15603.01471496
2018-02-27,868.46,896.0,861.0,870.32,14062.01044208
2018-02-28,870.32,889.85,848.46,850.16,15701.07118509
2018-03-01,851.92,881.47,845.81,869.01,16063.60146239
2018-03-02,869.02,875.17,847.93,856.08,7584.52267756
2018-03-03,856.33,868.7,849.0,853.76,5600.73438238
2018-03-04,853.74,866.43,837.17,862.28,5387.93325666
2018-03-05,864.06,869.21,848.0,848.0,8662.0750727
2018-03-06,848.0,850.99,802.55,813.09,18233.70688199
2018-03-07,813.08,825.61,723.13,750.42,41014.66545032
2018-03-08,750.11,773.12,686.5,698.06,32177.19834154
2018-03-09,698.06,732.31,640.55,726.13,53099.97795875
2018-03-10,726.22,750.0,676.21,682.87,14417.56859471
2018-03-11,681.07,737.14,662.48,720.38,17188.71184635
2018-03-12,720.45,740.7,676.0,695.5,25021.99173026
2018-03-13,696.16,715.0,680.0,690.01,27159.25072985
2018-03-14,690.99,703.51,584.0,613.07,38834.71600113
2018-03-15,612.0,620.0,571.56,611.02,44548.02980151
2018-03-16,611.97,625.51,583.4,599.87,30596.64676458
2018-03-17,598.56,610.0,542.75,550.1,21796.89056428
2018-03-18,550.1,561.52,453.01,538.0,79232.21946554
2018-03-19,538.0,559.0,515.47,555.68,50383.27337299
2018-03-20,555.52,567.49,515.38,557.41,41228.06969702
2018-03-21,557.49,590.69,545.0,560.52,42065.0195497
2018-03-22,559.8,578.58,517.45,540.12,29000.27740787
2018-03-23,538.56,543.2,506.0,543.03,26831.19056619
2018-03-24,543.1,545.55,518.66,519.99,16223.12245645
2018-03-25,519.99,535.68,512.59,521.99,13946.26421917
2018-03-26,522.98,525.55,466.72,485.79,46310.08502564
2018-03-27,485.4,492.09,445.08,449.41,51374.77451027
2018-03-28,449.89,465.85,440.0,446.49,22678.77835928
2018-03-29,446.6,448.5,378.86,383.07,78007.79044041
2018-03-30,383.14,411.41,362.0,393.46,92799.41264709
2018-03-31,393.85,419.7,387.85,393.79,37134.69014104
2018-04-01,393.58,399.78,358.4,378.0,40341.4561116
2018-04-02,378.06,395.0,375.02,384.47,20485.05431078
2018-04-03,384.86,419.08,380.0,415.32,31371.19291848
2018-04-04,415.34,417.5,370.49,378.99,31337.17766325
2018-04-05,377.26,387.49,366.95,381.05,20729.04746148
2018-04-06,381.04,385.62,360.0,370.08,18493.15152416
2018-04-07,369.44,397.4,368.99,384.66,16411.9803586
2018-04-08,384.94,410.0,384.14,400.23,11317.65828092
2018-04-09,400.07,431.36,386.19,399.0,26518.22407379
2018-04-10,399.36,418.3,391.28,415.65,25139.02556088
2018-04-11,415.34,433.46,411.0,430.0,21763.24759008
2018-04-12,430.0,498.0,413.8,494.31,48431.8565614
2018-04-13,494.0,529.36,481.67,495.95,57808.72981674
2018-04-14,496.07,515.91,486.0,503.41,18199.93290903
2018-04-15,503.14,535.0,503.14,533.83,29650.64692715
2018-04-16,533.86,537.43,498.34,510.57,28988.80985825
2018-04-17,511.26,521.36,500.54,502.8,22085.38840903
2018-04-18,502.51,526.66,501.28,525.2,23073.92878812
2018-04-19,524.32,569.0,520.2,566.46,31732.09135449
2018-04-20,566.66,622.26,556.37,617.7,52187.09367312
2018-04-21,616.41,624.75,573.58,604.85,36398.72934912
2018-04-22,604.85,643.46,591.31,621.5,30537.80430922
2018-04-23,620.45,648.24,618.56,643.77,24226.71423821
2018-04-24,643.68,711.7,643.68,703.71,54671.05933027
2018-04-25,703.32,704.01,595.0,617.02,112502.46041843
2018-04-26,617.61,666.0,598.15,660.95,49649.48314536
2018-04-27,661.04,685.0,636.15,642.54,29571.03844725
2018-04-28,642.57,697.08,639.05,683.38,24553.16567192
2018-04-29,683.69,699.97,666.0,689.23,22215.9477286
2018-04-30,689.38,694.14,663.0,669.98,23810.05539947
2018-05-01,670.1,674.01,627.22,669.86,36528.64307637
2018-05-02,670.98,690.05,661.03,687.29,27719.04017901
2018-05-03,687.0,785.0,684.89,776.92,54001.97551789
2018-05-04,776.92,803.99,758.1,782.47,30244.06114711
2018-05-05,782.09,830.0,778.03,815.45,16170.22388774
2018-05-06,815.45,832.37,749.0,787.42,30945.16955144
2018-05-07,787.42,791.0,691.99,751.18,53733.47077041
2018-05-08,751.85,775.11,716.0,747.92,37843.37938254
2018-05-09,746.86,759.9,710.01,749.58,35051.91917605
2018-05-10,749.77,766.99,720.0,723.6,29806.87639084
2018-05-11,723.25,735.68,662.57,677.26,50671.74810801
2018-05-12,677.38,692.7,638.15,683.99,31181.08053943
2018-05-13,684.68,741.61,668.78,730.06,31210.25843894
2018-05-14,730.36,743.0,686.63,727.62,43957.93350823
2018-05-15,727.0,739.37,695.74,707.38,30116.82621356
2018-05-16,704.76,712.0,674.57,706.88,24194.53618145
2018-05-17,706.56,718.9,660.65,669.04,35431.74057107
2018-05-18,668.7,694.96,656.36,692.54,23002.3304532
2018-05-19,693.99,716.93,683.0,695.88,12333.28966847
2018-05-20,694.99,723.16,687.89,716.0,10793.90692589
2018-05-21,716.0,720.0,687.8,696.43,13978.12151726
2018-05-22,698.09,699.57,637.93,640.86,30230.00404481
2018-05-23,640.56,649.89,564.94,576.84,67508.31101726
2018-05-24,578.4,609.0,549.28,601.76,42744.24963679
2018-05-25,601.92,616.18,569.19,584.99,22893.38948006
2018-05-26,584.99,607.7,578.84,585.65,9028.9019405
2018-05-27,585.52,592.88,556.92,571.39,11946.28932418
2018-05-28,569.69,576.45,506.3,512.23,22259.10939745
2018-05-29,512.23,573.34,510.05,566.99,35847.3648728
2018-05-30,566.78,585.32,541.3,556.82,34053.01983246
2018-05-31,556.44,586.0,553.2,576.85,32196.40203016
2018-06-01,576.48,589.0,563.38,578.96,22076.53757
2018-06-02,578.99,599.5,573.32,591.0,15555.64265658
2018-06-03,590.99,628.78,590.0,619.59,10974.64857845
2018-06-04,619.47,625.4,579.03,590.0,21461.18429267
2018-06-05,591.61,613.0,576.47,607.53,36158.03933596
2018-06-06,607.99,612.04,593.4,606.39,21138.64681214
2018-06-07,606.38,616.74,597.96,604.05,21291.02327314
2018-06-08,603.57,608.0,592.06,599.88,13892.6238019
2018-06-09,599.82,610.0,590.93,593.88,4135.68799328
2018-06-10,591.52,591.68,504.0,526.28,40970.53235021
2018-06-11,524.42,536.87,509.85,530.57,28129.92502889
2018-06-12,530.88,540.56,485.0,494.16,23604.47159981
2018-06-13,493.82,501.71,449.65,475.89,38425.714831
2018-06-14,475.89,527.97,460.25,520.57,48837.27146374
2018-06-15,520.57,522.31,483.73,488.27,21467.66075128
2018-06-16,487.78,502.82,483.16,497.84,7986.63911916
2018-06-17,497.62,510.0,493.3,497.26,11403.08998796
2018-06-18,497.49,524.54,487.3,517.04,12730.78284683
2018-06-19,517.46,547.82,514.62,538.11,16731.87840274
2018-06-20,537.44,542.29,516.97,536.3,13158.58700504
2018-06-21,535.99,545.23,521.04,525.27,12803.86678302
2018-06-22,525.15,526.27,449.91,462.86,51972.45568181
2018-06-23,463.1,482.53,457.16,475.35,7043.55784782
2018-06-24,474.84,476.42,421.0,455.27,26971.1966446
2018-06-25,454.06,474.69,445.0,458.48,25796.11938537
2018-06-26,458.48,461.65,428.87,429.73,23672.14980467
2018-06-27,429.99,446.66,420.0,441.55,19038.19842929
2018-06-28,441.05,443.67,417.0,420.51,11044.7189923
2018-06-29,420.26,442.08,404.98,434.4,22951.40041736
2018-06-30,435.05,463.0,435.04,453.84,17994.04865892
2018-07-01,453.58,456.99,444.33,452.42,11857.33672789
2018-07-02,452.05,481.7,443.28,475.63,26051.76513662
2018-07-03,476.66,486.99,459.66,460.89,16389.19073747
2018-07-04,461.22,482.2,451.06,466.99,16081.83063663
2018-07-05,466.44,479.05,457.37,467.98,14252.21211296
2018-07-06,467.98,477.0,450.08,469.99,9005.82993944
2018-07-07,469.79,487.0,461.26,485.68,7700.5019545
2018-07-08,484.64,495.48,481.92,485.52,8879.97067382
2018-07-09,485.5,488.64,468.17,471.76,12176.43852642
2018-07-10,471.83,473.48,426.95,433.24,32529.14206712
2018-07-11,433.26,447.1,424.89,444.34,11055.06459358
2018-07-12,444.91,445.92,417.37,430.57,13839.7578669
2018-07-13,431.48,442.4,424.0,433.43,11426.96539586
2018-07-14,432.92,439.99,428.2,433.37,3707.71122728
2018-07-15,433.4,454.94,431.05,449.54,11051.79703178
2018-07-16,449.7,480.0,444.02,478.0,17599.97776242
2018-07-17,478.03,511.44,465.75,498.9,27583.61858115
2018-07-18,498.34,514.94,469.06,479.47,17950.88024305
2018-07-19,477.84,483.73,462.45,468.58,9223.82010494
2018-07-20,468.15,469.66,441.0,447.34,11213.46725168
2018-07-21,448.16,468.68,441.33,461.39,5795.98162048
2018-07-22,460.73,471.51,453.0,457.0,5169.70484523
2018-07-23,456.93,469.51,445.74,449.73,11768.87517474
2018-07-24,449.73,483.24,448.01,479.58,15138.00671925
2018-07-25,479.0,484.64,463.1,471.33,11699.12910125
2018-07-26,471.14,484.14,459.57,461.98,10386.11931282
2018-07-27,461.99,474.61,455.8,469.21,10102.08153995
2018-07-28,469.78,472.0,461.11,469.0,2160.22879615
2018-07-29,468.17,471.97,461.8,466.47,2204.2371181
2018-07-30,465.77,469.06,445.5,456.97,10719.74424652
2018-07-31,455.72,457.23,427.3,432.29,16276.38258067
2018-08-01,432.15,434.41,407.49,420.06,17818.571032
2018-08-02,419.85,424.85,407.33,410.56,14313.30483825
2018-08-03,410.53,419.88,397.41,416.91,15210.81772384
2018-08-04,417.02,418.99,401.16,406.54,10050.633231
2018-08-05,406.54,413.58,400.36,408.97,7449.32778555
2018-08-06,408.34,412.99,400.59,404.25,9716.06621549
2018-08-07,404.93,410.67,369.22,378.3,22084.42754307
2018-08-08,377.84,381.52,347.62,355.59,38217.34324949
2018-08-09,355.61,370.43,350.84,363.52,30689.28482151
2018-08-10,363.96,366.23,326.0,331.63,21295.27015464
2018-08-11,331.58,332.84,305.2,317.5,28984.52472256
2018-08-12,317.44,328.69,314.01,318.08,15797.54254035
2018-08-13,318.47,321.86,281.07,283.95,35376.52775907
2018-08-14,283.95,283.96,250.54,277.83,93651.35908556
2018-08-15,278.24,305.76,276.87,281.17,36888.34393389
2018-08-16,281.17,298.97,278.14,286.62,26607.60802578
2018-08-17,286.63,318.53,285.11,317.43,38560.07294883
2018-08-18,317.72,321.18,282.67,293.83,28432.1355723
2018-08-19,293.83,306.65,289.13,299.97,15283.58803935
2018-08-20,299.43,303.99,269.35,270.85,24070.61043077
2018-08-21,271.01,285.71,269.73,281.25,17859.53851774
2018-08-22,281.32,298.89,258.99,269.99,28132.20863751
2018-08-23,270.45,280.65,268.17,275.72,17426.25007957
2018-08-24,276.06,283.72,270.01,280.9,12600.89192509
2018-08-25,281.07,283.14,276.2,277.99,2568.83887613
2018-08-26,277.81,277.94,269.61,274.69,6441.84599285
2018-08-27,274.2,288.25,271.3,287.99,12957.6083794
2018-08-28,287.98,297.97,282.5,295.9,18066.32114181
2018-08-29,295.47,297.04,284.0,288.34,10750.94124916
2018-08-30,288.7,290.81,272.23,284.21,21610.45952728
2018-08-31,283.89,284.93,276.23,281.49,13576.45206673
2018-09-01,281.47,302.66,281.47,295.45,13507.20537869
2018-09-02,295.11,299.16,288.78,294.75,13789.70318477
2018-09-03,294.99,296.38,285.0,288.85,14272.20894254
2018-09-04,288.69,292.29,281.99,285.22,20921.81434966
2018-09-05,285.22,287.55,226.0,227.99,53395.6525546
2018-09-06,227.99,259.48,210.79,229.03,62118.89284621
2018-09-07,228.55,233.99,213.37,214.77,47472.42949413
2018-09-08,214.77,220.38,190.11,197.16,51520.37139498
2018-09-09,197.16,208.37,185.82,195.8,37329.69153134
2018-09-10,195.73,202.77,186.44,196.66,44437.23625295
2018-09-11,196.81,199.03,176.0,185.04,83013.95224687
2018-09-12,184.8,184.82,167.0,182.78,70517.50561103
2018-09-13,182.83,214.88,182.78,211.31,90544.48380252
2018-09-14,211.25,223.91,202.53,208.71,72124.27155675
2018-09-15,208.32,227.0,208.19,221.93,16998.0196147
2018-09-16,221.39,223.0,205.62,220.08,17787.08749241
2018-09-17,220.14,225.0,192.0,196.16,50924.53770844
2018-09-18,196.0,214.39,194.0,208.53,35938.81949974
2018-09-19,208.5,214.7,196.66,209.48,49875.25495661
2018-09-20,209.52,227.68,206.8,224.3,36283.33051217
2018-09-21,224.15,252.14,220.64,247.64,74459.86137362
2018-09-22,247.58,255.89,232.6,239.93,31193.60535289
2018-09-23,240.37,249.44,237.0,244.14,19335.62912811
2018-09-24,244.44,245.76,224.5,228.05,22921.35885765
2018-09-25,227.64,227.64,203.25,218.85,43699.62699463
2018-09-26,219.4,223.0,207.21,214.42,29637.42456054
2018-09-27,214.33,234.0,210.0,228.58,46089.96196905
2018-09-28,228.53,233.65,214.32,220.94,40540.77783861
2018-09-29,220.64,236.98,212.54,230.56,32806.04971683
2018-09-30,230.14,238.47,224.0,231.96,16082.95342919
2018-10-01,232.02,234.58,218.0,229.66,13722.65039068
2018-10-02,230.38,230.74,221.39,224.83,14497.18492259
2018-10-03,224.79,225.22,210.5,218.96,38697.23383912
2018-10-04,219.01,225.0,218.12,221.07,18385.68536268
2018-10-05,221.06,230.29,218.28,226.73,14379.43370433
2018-10-06,226.54,227.19,222.0,223.06,9560.62653181
2018-10-07,223.49,225.98,220.1,224.34,11745.44391137
2018-10-08,225.06,230.98,222.2,227.79,25183.75248153
2018-10-09,227.55,228.8,224.84,226.3,13511.68440389
2018-10-10,226.29,226.47,221.11,223.38,13550.03164903
2018-10-11,223.14,223.39,185.0,188.42,71605.68325841
2018-10-12,188.2,197.89,186.89,194.67,22858.63164026
2018-10-13,193.61,199.27,193.0,196.79,13570.89768162
2018-10-14,196.96,199.5,187.45,192.01,13545.90175989
2018-10-15,191.85,219.75,189.71,204.86,103720.60184293
2018-10-16,204.52,208.26,201.99,205.69,30429.74357371
2018-10-17,205.61,206.4,200.99,203.41,29120.25175317
2018-10-18,203.7,205.95,196.63,199.29,38882.43181741
2018-10-19,198.97,202.1,197.27,200.08,26749.49967664
2018-10-20,200.01,206.0,198.84,202.59,18269.02946471
2018-10-21,202.33,206.21,201.08,202.19,27494.38845393
2018-10-22,202.14,203.24,199.33,201.23,11504.27319256
2018-10-23,201.0,202.1,197.65,200.96,20103.28259028
2018-10-24,200.87,202.84,200.0,200.67,15650.83790923
2018-10-25,200.6,200.89,197.88,199.66,11922.85133697
2018-10-26,199.67,204.27,198.54,200.69,18949.90134829
2018-10-27,200.74,201.97,199.92,201.26,6425.65090106
2018-10-28,201.42,203.16,200.8,202.44,6449.18474096
2018-10-29,202.44,202.77,191.37,194.14,20088.40067088
2018-10-30,194.2,196.69,192.96,195.3,11520.63302742
2018-10-31,195.3,199.16,191.65,196.68,14454.24334952
2018-11-01,196.7,198.56,195.96,197.73,7295.69604679
2018-11-02,197.77,201.49,197.46,199.9,9539.34394307
2018-11-03,199.93,200.2,197.95,198.78,5369.45742756
2018-11-04,198.34,217.21,197.61,210.28,27729.63615606
2018-11-05,210.47,212.0,205.04,208.81,18906.64392544
2018-11-06,208.58,219.07,206.96,218.24,36929.13728323
2018-11-07,218.55,222.98,215.29,216.6,31083.65183454
2018-11-08,216.4,218.15,209.27,210.14,22796.35852699
2018-11-09,210.1,212.27,206.01,208.05,13251.899661
2018-11-10,207.81,212.5,207.6,210.38,9033.52714937
2018-11-11,210.62,211.2,206.11,210.03,5726.0859925
2018-11-12,209.45,211.25,206.92,208.83,8445.99369052
2018-11-13,208.64,208.83,202.71,203.43,18466.66436401
2018-11-14,203.11,204.83,165.01,178.04,141671.86535378
2018-11-15,178.08,181.0,165.14,178.6,87090.26676267
2018-11-16,178.47,179.41,169.25,172.11,41057.32866686
2018-11-17,172.62,176.0,170.45,172.4,14302.71488403
2018-11-18,172.53,179.95,172.15,175.99,19080.45949282
2018-11-19,175.95,175.95,142.27,145.31,167446.47311854
2018-11-20,145.22,149.35,121.61,127.36,213254.03969565
2018-11-21,127.76,137.46,122.37,134.44,132529.03462713
2018-11-22,134.78,136.6,122.42,123.4,49385.80860186
2018-11-23,123.39,125.14,116.18,121.33,103946.27952187
2018-11-24,121.24,125.99,106.81,110.26,65552.52060501
2018-11-25,110.36,119.06,98.11,113.59,153776.01405565
2018-11-26,113.55,117.59,102.69,106.82,128626.54883311
2018-11-27,107.02,111.22,99.0,108.47,93266.16038672
2018-11-28,108.67,125.57,108.51,121.81,130815.98653708
2018-11-29,121.85,123.21,113.05,116.46,76052.18108034
2018-11-30,116.6,119.08,108.83,111.9,58500.8336393
2018-12-01,111.82,119.74,109.99,116.8,35465.72936437
2018-12-02,116.83,119.35,113.95,114.91,29589.06794181
2018-12-03,114.92,115.65,104.36,107.28,56880.03545496
2018-12-04,107.34,112.18,104.16,108.8,37740.21275771
2018-12-05,108.47,109.12,100.21,100.67,97484.85006159
2018-12-06,100.59,103.01,88.86,89.16,137644.2782051
2018-12-07,89.39,109.43,81.19,92.5,237675.43301009
2018-12-08,92.44,97.51,83.7,90.07,105438.36547946
2018-12-09,90.04,98.41,88.09,92.63,73663.43741519
2018-12-10,92.7,94.6,87.32,89.27,53990.15515295
2018-12-11,89.2,91.02,85.0,86.9,50282.85840828
2018-12-12,86.93,91.01,86.0,89.09,41368.1955453
2018-12-13,89.09,90.24,83.7,85.31,51053.08078596
2018-12-14,85.24,85.91,80.9,82.91,74615.3391372
2018-12-15,82.9,84.15,80.99,83.08,18287.26762719
2018-12-16,82.94,86.65,82.94,83.76,20838.34170302
2018-12-17,83.77,96.78,83.5,93.98,87185.89347041
2018-12-18,93.87,101.59,91.49,100.89,68453.86138415
2018-12-19,100.91,108.13,98.25,99.27,146412.01425976
2018-12-20,99.46,117.0,98.0,114.54,151025.62459127
2018-12-21,114.47,118.94,105.05,107.71,84037.82783737
2018-12-22,107.57,116.39,105.46,115.6,28444.96518057
2018-12-23,115.69,133.0,115.69,129.73,71583.28392295
2018-12-24,129.41,159.11,129.41,139.0,158798.85935723
2018-12-25,139.03,140.01,120.62,128.81,104262.02445229
2018-12-26,128.92,136.76,123.28,130.53,67426.99286634
2018-12-27,130.37,131.77,112.3,114.6,69777.00254323
2018-12-28,114.6,138.82,113.14,136.94,91051.9904028
2018-12-29,136.76,150.04,121.7,134.02,67314.51785939
2018-12-30,134.06,140.35,128.65,138.56,45952.50255429
2018-12-31,138.84,139.01,128.42,130.67,34827.16320193
2019-01-01,130.72,141.25,129.5,139.75,28500.87337865
2019-01-02,139.77,156.8,138.54,153.35,48537.96270462
2019-01-03,153.38,154.73,144.09,147.02,36630.17016319
2019-01-04,147.08,156.48,145.02,152.98,62279.30046259
2019-01-05,153.59,160.95,152.31,153.85,44910.48152091
2019-01-06,153.89,159.66,148.47,156.0,46616.79505385
2019-01-07,155.99,157.24,148.53,150.66,31949.9318684
2019-01-08,150.64,153.0,146.55,149.01,41159.88126107
2019-01-09,149.05,153.0,147.7,149.56,36745.15501714
2019-01-10,149.5,151.1,122.21,126.45,111302.27596437
2019-01-11,126.42,128.74,121.52,125.93,61032.04463738
2019-01-12,125.78,127.37,123.37,124.56,15433.26794816
2019-01-13,124.13,125.52,113.46,115.25,33514.3744031
2019-01-14,115.42,131.47,115.24,128.33,58206.75219491
2019-01-15,128.34,130.59,116.68,120.04,63432.03431704
2019-01-16,119.98,127.77,119.29,122.14,43625.55481555
2019-01-17,122.22,123.9,116.97,122.52,53843.6261769
2019-01-18,122.47,122.73,118.22,119.35,30260.24083325
2019-01-19,119.62,127.0,118.7,123.09,34191.20219802
2019-01-20,123.02,123.89,115.49,117.48,31264.35121138
2019-01-21,117.46,118.24,113.44,115.86,31172.99758032
2019-01-22,115.8,119.98,111.01,118.0,50330.72814294
2019-01-23,117.93,118.96,114.91,116.56,34623.84512809
2019-01-24,116.38,117.17,113.5,116.5,37460.2900739
2019-01-25,116.5,117.12,114.12,114.79,34789.74314317
2019-01-26,114.76,117.64,114.57,114.95,9891.85731591
2019-01-27,114.83,115.8,110.32,111.33,17330.90224369
2019-01-28,111.46,112.14,100.9,105.47,69204.92959775
2019-01-29,105.49,105.95,102.1,104.1,43953.14304525
2019-01-30,103.91,109.4,102.89,107.6,35999.18163805
2019-01-31,107.6,110.07,104.78,105.81,19518.10332121
2019-02-01,105.84,107.62,103.0,106.03,56576.17104585
2019-02-02,105.91,110.0,105.04,109.24,21713.94552879
2019-02-03,109.37,110.02,104.44,105.91,30157.92525359
2019-02-04,105.8,107.91,105.3,105.95,36049.23719205
2019-02-05,105.92,106.6,105.14,106.0,20729.950498
2019-02-06,106.01,106.42,100.0,103.32,63445.23072164
2019-02-07,103.28,104.88,102.6,103.3,31884.27945761
2019-02-08,103.19,121.67,102.38,118.19,86340.00620176
2019-02-09,118.07,119.97,116.54,117.92,28790.32032867
2019-02-10,117.83,125.1,114.83,123.94,38027.61592716
2019-02-11,123.88,124.04,118.11,119.43,70682.84617454
2019-02-12,119.37,122.3,117.0,120.93,45614.76173062
2019-02-13,120.74,125.12,119.5,120.61,52674.90539129
2019-02-14,120.66,123.34,118.89,119.28,47805.05598366
2019-02-15,119.25,123.4,119.0,120.45,54459.25864348
2019-02-16,120.48,123.71,120.4,121.68,20838.98467936
2019-02-17,121.64,134.38,121.3,132.28,67865.05557385
2019-02-18,132.15,147.91,131.0,144.52,149249.3284459
2019-02-19,144.79,149.21,141.5,142.62,89246.36561585
2019-02-20,142.6,148.62,139.01,147.03,74898.77709467
2019-02-21,146.98,149.5,141.61,144.3,56775.00792442
2019-02-22,144.13,147.52,142.11,146.4,86017.13551518
2019-02-23,146.77,160.0,144.8,157.42,96848.66342388
2019-02-24,157.46,165.76,131.4,131.84,147378.26052646
2019-02-25,131.54,141.98,131.42,137.63,82953.04305872
2019-02-26,137.42,138.07,132.05,135.9,54544.72047696
2019-02-27,135.44,139.83,125.66,134.06,82251.52436576
2019-02-28,134.12,139.05,131.65,134.34,70901.87661217
2019-03-01,134.5,137.6,133.77,134.83,35448.66332224
2019-03-02,134.7,135.48,129.55,132.19,38225.98425293
2019-03-03,132.44,134.42,127.34,129.63,25772.17913422
2019-03-04,129.73,130.36,122.52,125.16,55433.27607242
2019-03-05,125.32,137.64,124.75,136.18,62120.29761437
2019-03-06,136.22,140.13,133.25,137.04,39998.92587529
2019-03-07,137.11,139.8,134.65,136.1,49710.28987255
2019-03-08,136.45,138.59,128.85,132.8,48099.68536016
2019-03-09,132.64,138.2,132.03,136.33,31318.53060119
2019-03-10,136.16,136.83,133.31,134.59,17958.35424105
2019-03-11,134.8,135.43,130.46,131.94,45090.04069364
2019-03-12,131.98,134.37,127.35,132.67,35175.2142603
2019-03-13,132.76,132.76,130.12,131.16,13036.65120447
2019-03-14,131.01,135.08,128.66,131.3,26840.14070214
2019-03-15,131.38,136.93,131.36,135.77,41508.31075052
2019-03-16,135.93,143.85,135.79,140.38,41397.05895911
2019-03-17,140.28,140.38,135.55,138.15,24602.44376281
2019-03-18,138.1,141.34,135.42,136.86,39466.65167708
2019-03-19,136.82,138.75,136.3,138.08,22557.84609543
2019-03-20,137.87,139.31,135.26,138.71,22621.67271224
2019-03-21,138.67,139.11,132.0,134.49,34147.44776086
2019-03-22,134.3,137.01,134.0,135.6,26102.14424934
2019-03-23,135.51,137.7,135.2,136.63,12263.99403385
2019-03-24,136.32,136.54,134.15,135.29,12456.12844476
2019-03-25,135.31,136.25,130.6,133.28,33100.97690875
2019-03-26,133.06,133.93,131.46,133.1,30132.41962839
2019-03-27,133.12,139.63,132.98,138.97,30664.93960635
2019-03-28,139.07,139.07,135.78,137.35,23890.12285053
2019-03-29,137.35,143.18,137.0,142.79,34215.00575756
2019-03-30,142.76,145.5,139.91,142.27,38808.2620845
2019-03-31,142.27,142.3,140.08,141.02,10100.85626037
2019-04-01,141.02,142.95,138.27,141.0,39721.87714422
2019-04-02,141.02,168.72,140.7,164.58,179781.78235566
2019-04-03,164.65,180.03,152.42,160.89,196372.07465679
2019-04-04,160.86,164.97,152.95,157.72,111326.81541101
2019-04-05,157.7,168.64,156.2,166.06,54449.38320267
2019-04-06,165.62,173.06,160.0,166.0,41866.9489462
2019-04-07,165.82,176.57,164.11,174.9,41923.92788324
2019-04-08,174.93,187.26,173.66,180.72,91552.87113494
2019-04-09,180.71,180.84,174.19,175.59,65106.72052036
2019-04-10,175.63,185.71,167.0,177.7,80893.40796685
2019-04-11,177.71,178.0,160.33,164.96,67341.23407165
2019-04-12,165.03,167.57,159.17,164.11,56210.4338942
2019-04-13,163.98,166.1,161.85,163.65,18114.24479365
2019-04-14,164.26,169.36,161.5,168.0,25243.01662886
2019-04-15,168.0,169.57,156.02,159.91,56905.78584894
2019-04-16,159.92,168.08,159.47,166.52,38535.22657263
2019-04-17,166.05,168.67,164.44,166.74,37151.43561546
2019-04-18,166.46,176.37,166.08,174.17,53731.4511288
2019-04-19,174.01,174.33,169.09,173.66,30458.13065102
2019-04-20,173.99,177.92,170.75,173.5,18828.90187209
2019-04-21,173.72,174.29,166.13,169.87,26715.75661457
2019-04-22,169.62,174.0,168.32,171.47,37737.22803952
2019-04-23,171.4,177.07,168.7,170.3,69287.71497064
2019-04-24,170.2,171.07,160.28,165.74,70627.45240085
2019-04-25,165.49,166.33,146.17,152.0,82295.76926644
2019-04-26,152.04,155.78,148.6,153.1,64658.70101281
2019-04-27,153.7,158.55,152.5,155.68,29264.71993947
2019-04-28,155.71,156.49,152.33,153.13,27662.23914153
2019-04-29,152.99,154.6,148.1,152.42,33614.90071308
2019-04-30,152.46,161.17,152.44,160.06,39828.77911363
2019-05-01,160.27,162.82,156.52,158.3,31495.31363334
2019-05-02,158.48,160.78,155.2,158.52,23265.07790158
2019-05-03,158.52,169.0,157.7,164.82,69970.42077057
2019-05-04,164.82,169.0,157.75,161.95,57801.24818658
2019-05-05,162.01,163.58,155.47,161.35,25386.67597054
2019-05-06,161.36,175.98,157.63,171.21,85969.26068402
2019-05-07,171.21,180.74,165.02,166.15,114664.73130109
2019-05-08,166.32,172.01,162.25,169.61,65393.85932606
2019-05-09,169.69,173.5,165.23,170.18,48059.87399844
2019-05-10,170.28,176.12,167.41,172.3,79481.099589
2019-05-11,172.21,207.0,172.04,192.0,175770.86349882
2019-05-12,192.0,204.19,182.64,188.26,142728.77840659
2019-05-13,188.07,208.9,185.64,196.47,134219.11886776
2019-05-14,196.37,220.99,194.99,217.5,158567.56115622
2019-05-15,217.48,250.8,217.29,248.79,169027.31849418
2019-05-16,248.87,281.0,242.0,264.51,271581.70118998
2019-05-17,264.5,269.55,214.0,244.09,201085.31884074
2019-05-18,244.55,248.33,231.2,234.03,43368.92291241
2019-05-19,233.41,264.76,232.58,261.34,94555.01290998
2019-05-20,260.71,260.71,238.88,252.38,82902.07125816
2019-05-21,252.51,264.56,247.67,254.77,79133.7692012
2019-05-22,254.68,261.41,239.59,243.64,90073.83594138
2019-05-23,243.56,248.48,231.2,245.79,70346.84503491
2019-05-24,245.65,256.33,242.44,249.65,62644.72171338
2019-05-25,249.64,259.01,248.34,251.95,32954.57505959
2019-05-26,251.38,272.9,245.98,268.21,51946.76010599
2019-05-27,268.5,279.98,264.75,271.79,78270.56372065
2019-05-28,271.18,276.51,265.37,271.0,42169.42181298
2019-05-29,270.89,274.47,256.56,269.29,42713.25666483
2019-05-30,269.35,289.04,239.33,254.37,115975.60434915
2019-05-31,254.37,268.86,245.07,267.07,76425.39995566
2019-06-01,268.37,274.86,260.88,264.56,33251.55957919
2019-06-02,264.04,274.7,264.04,269.42,29984.15614928
2019-06-03,269.28,270.36,247.11,249.5,58285.48436325
2019-06-04,249.16,250.99,232.2,240.66,84454.03144771
2019-06-05,240.97,249.3,237.66,246.18,36219.99695352
2019-06-06,245.57,251.22,235.33,249.46,35865.43785124
2019-06-07,249.55,254.57,244.92,249.35,37523.33580713
2019-06-08,249.35,250.96,241.57,244.43,13387.45833904
2019-06-09,244.1,245.71,223.0,231.73,41047.32388448
2019-06-10,231.27,248.72,227.47,247.81,45937.80182984
2019-06-11,247.85,249.53,236.91,245.25,34471.81068504
2019-06-12,245.46,263.68,243.0,262.54,55099.49903064
2019-06-13,262.73,264.5,254.18,255.14,45756.74421973
2019-06-14,255.45,266.29,252.33,263.71,32537.84553095
2019-06-15,263.75,273.64,261.71,269.29,41924.19009314
2019-06-16,269.27,279.2,263.2,268.19,54620.71412418
2019-06-17,268.41,275.83,267.65,273.94,48515.99718946
2019-06-18,273.74,274.03,260.58,264.24,66608.95788934
2019-06-19,264.17,270.35,263.41,269.0,35116.83753624
2019-06-20,268.99,274.55,266.38,272.01,24265.8436092
2019-06-21,272.21,297.1,272.21,295.93,76545.37105548
2019-06-22,296.14,315.4,293.39,308.32,75170.34168217
2019-06-23,308.87,318.28,303.59,306.39,35865.56884099
2019-06-24,305.93,313.42,295.38,310.98,40545.92025291
2019-06-25,311.12,317.55,305.81,316.88,30194.94105347
2019-06-26,316.26,363.18,310.0,334.78,160023.06375336
2019-06-27,334.49,343.44,274.23,293.57,163007.01059287
2019-06-28,293.78,312.77,288.0,309.87,65975.00354533
2019-06-29,309.28,323.8,291.12,318.0,52952.31244553
2019-06-30,317.0,323.0,285.77,289.95,54442.23222271
2019-07-01,290.45,301.28,261.38,293.81,70308.87656034
2019-07-02,293.68,296.09,271.03,291.36,74716.32098952
2019-07-03,291.59,303.5,289.46,301.98,48445.03827068
2019-07-04,302.19,304.0,280.28,282.77,33386.22340645
2019-07-05,282.32,295.17,280.0,287.95,48468.59263694
2019-07-06,287.76,298.16,285.05,287.65,23747.76295148
2019-07-07,287.65,310.7,284.01,306.59,41312.627502
2019-07-08,306.9,315.0,302.38,313.21,43924.56482244
2019-07-09,313.11,318.7,302.95,307.6,66019.51319258
2019-07-10,307.38,314.98,280.19,288.73,82527.78384699
2019-07-11,288.18,288.18,262.02,269.01,65312.69034182
2019-07-12,268.79,279.67,265.91,275.66,39207.45015296
2019-07-13,275.67,275.9,261.97,269.06,27792.38973976
2019-07-14,269.23,269.84,191.91,225.89,102720.85940707
2019-07-15,226.25,235.76,202.27,228.65,91567.67684051
2019-07-16,228.29,234.68,190.41,198.44,110190.14927984
2019-07-17,198.7,220.0,192.01,211.47,77380.77506195
2019-07-18,211.82,230.01,206.32,226.03,54700.27207395
2019-07-19,226.1,226.66,213.15,221.34,37729.7717658
2019-07-20,221.42,236.52,220.35,228.66,30788.90455006
2019-07-21,228.11,229.78,217.24,225.28,18006.45677666
2019-07-22,226.15,228.3,211.34,217.13,42402.26644115
2019-07-23,216.75,219.23,208.5,211.96,29596.26722031
2019-07-24,211.99,218.22,200.59,216.57,56495.52680516
2019-07-25,216.48,226.0,215.51,219.17,21710.10765119
2019-07-26,219.09,220.87,212.51,219.21,21607.758097
2019-07-27,218.89,223.74,202.01,206.88,35797.79285221
2019-07-28,207.51,213.34,197.81,211.14,22667.40485045
2019-07-29,211.48,215.49,205.51,210.81,19892.38363137
2019-07-30,211.24,214.89,204.08,209.81,14993.06601449
2019-07-31,209.65,218.9,209.65,218.68,23170.60114657
2019-08-01,218.87,219.43,210.98,217.72,21094.47586705
2019-08-02,217.53,222.98,214.74,217.62,21577.24338143
2019-08-03,217.63,224.8,216.58,222.03,13214.20149231
2019-08-04,222.04,223.76,217.42,223.0,7621.87307113
2019-08-05,223.39,237.29,223.39,232.92,32110.42831253
2019-08-06,232.76,239.62,222.35,225.92,57300.42946248
2019-08-07,225.84,231.17,220.24,226.0,39146.0024877
2019-08-08,226.17,226.51,214.7,220.97,70187.46124189
2019-08-09,221.04,221.3,206.68,210.59,42137.27519815
2019-08-10,210.63,214.82,198.23,206.46,15711.93050401
2019-08-11,205.99,216.54,205.73,216.02,24013.33123881
2019-08-12,216.11,216.38,209.27,211.18,14895.14806733
2019-08-13,211.16,211.27,202.86,208.49,30559.20214963
2019-08-14,208.44,209.17,181.5,186.12,59453.51154514
2019-08-15,186.43,189.91,173.35,188.31,88892.53393107
2019-08-16,188.03,188.09,178.0,185.27,38098.92725459
2019-08-17,185.5,186.83,182.0,185.51,19830.26377906
2019-08-18,185.77,198.0,183.27,194.72,26562.94485557
2019-08-19,194.54,203.68,192.85,202.4,41032.48796443
2019-08-20,202.4,202.87,194.45,196.41,21897.29855886
2019-08-21,196.53,197.03,180.0,187.17,30050.27178871
2019-08-22,187.66,195.07,182.56,190.81,32391.35628451
2019-08-23,190.27,197.6,188.72,194.51,39229.16101279
2019-08-24,194.32,194.32,185.89,191.06,9114.07157954
2019-08-25,190.72,192.63,182.98,186.45,12263.423816
2019-08-26,186.83,194.66,185.66,188.38,22285.7509944
2019-08-27,188.13,188.95,184.5,187.45,16961.71518512
2019-08-28,186.86,187.97,165.84,172.83,41961.67077312
2019-08-29,172.65,173.76,163.62,168.92,35128.40697414
2019-08-30,169.04,170.35,165.51,168.33,11519.6647412
2019-08-31,168.12,174.83,165.9,171.87,6378.0617537
2019-09-01,172.0,173.75,167.65,171.27,6806.08484206
2019-09-02,171.48,181.93,170.45,178.75,14905.81386569
2019-09-03,178.77,183.06,174.03,178.91,21869.68421522
2019-09-04,178.57,180.28,173.35,174.91,19408.05680079
2019-09-05,174.75,177.77,169.59,174.62,14054.53540766
2019-09-06,173.87,178.65,165.0,169.09,23738.88338972
2019-09-07,169.12,181.07,168.33,178.3,14787.77909196
2019-09-08,178.49,184.48,176.36,181.48,18341.34547257
2019-09-09,181.49,187.99,175.83,180.57,20240.85089628
2019-09-10,180.62,184.59,176.38,179.76,12195.58191956
2019-09-11,179.84,182.32,173.9,178.33,20571.09571041
2019-09-12,178.42,182.7,176.45,180.72,8542.76812006
2019-09-13,181.35,181.94,177.59,181.3,10565.86753719
2019-09-14,181.5,189.21,180.17,188.73,14895.15129199
2019-09-15,188.93,190.88,186.46,189.54,14365.35472244
2019-09-16,189.34,199.54,188.4,197.82,48811.82153554
2019-09-17,197.75,215.26,196.04,207.83,89452.00501515
2019-09-18,207.98,217.42,207.89,210.25,45553.4836685
2019-09-19,210.04,224.68,201.88,220.78,58435.33076402
2019-09-20,221.27,222.01,211.55,218.11,33764.64713849
2019-09-21,218.43,221.17,213.51,214.77,32587.22875471
2019-09-22,215.29,215.32,206.06,211.17,32596.66026256
2019-09-23,211.46,211.71,198.34,201.04,41939.02913955
2019-09-24,201.16,202.73,152.71,166.9,176405.10336847
2019-09-25,166.17,175.06,162.27,169.97,48531.67143751
2019-09-26,169.84,171.0,152.26,165.71,77921.91673192
2019-09-27,166.32,177.36,161.05,173.79,61713.50417791
2019-09-28,174.0,175.88,168.5,173.8,25478.76465771
2019-09-29,173.98,174.92,164.3,169.42,20815.46795009
2019-09-30,169.47,181.8,165.2,181.34,55631.94926144
2019-10-01,181.37,185.82,173.92,176.2,47029.28220282
2019-10-02,176.21,181.9,174.27,180.86,22928.14867052
2019-10-03,181.2,181.22,169.54,175.02,24580.61170757
2019-10-04,175.05,179.51,170.9,176.49,23577.59899636
2019-10-05,175.55,177.03,172.0,176.63,10735.52755769
2019-10-06,176.57,177.18,167.08,170.12,23700.64213464
2019-10-07,170.17,182.68,168.71,180.23,32314.80587915
2019-10-08,180.49,185.3,176.88,180.73,22906.3278589
2019-10-09,180.91,196.0,179.14,193.18,56852.89417434
2019-10-10,193.39,194.81,187.3,191.64,20692.21689954
2019-10-11,191.69,197.9,178.91,180.84,57502.90438514
2019-10-12,180.86,184.87,177.23,180.02,14326.3398663
2019-10-13,179.97,184.85,178.34,181.18,13778.96969106
2019-10-14,180.96,187.89,180.67,186.74,18627.0402415
2019-10-15,187.04,188.52,177.27,180.67,38920.98360318
2019-10-16,180.55,181.2,171.39,174.75,23464.71973131
2019-10-17,174.52,179.17,172.78,177.51,20128.53513468
2019-10-18,177.43,177.48,168.34,173.21,28940.88046801
2019-10-19,173.06,175.06,169.66,172.08,12433.57584668
2019-10-20,172.16,176.8,169.23,175.62,13462.25484135
2019-10-21,175.5,178.19,171.72,174.24,29318.87011136
2019-10-22,174.43,175.5,170.47,171.29,12238.90473708
2019-10-23,171.13,171.53,153.21,162.49,58624.30434268
2019-10-24,162.39,164.0,158.85,160.66,30456.70437936
2019-10-25,160.79,187.78,160.42,181.51,55616.45281121
2019-10-26,182.1,198.97,173.62,179.93,61819.68200584
2019-10-27,180.28,189.22,176.84,184.34,20108.67063737
2019-10-28,184.36,189.91,180.8,181.98,30477.19223355
2019-10-29,181.94,193.24,181.66,190.95,39975.47230784
2019-10-30,190.81,192.15,180.08,183.31,28814.20638967
2019-10-31,183.7,185.47,177.57,182.69,26791.82789792
2019-11-01,182.08,184.88,177.25,183.42,19320.0199856
2019-11-02,183.41,186.24,181.95,182.72,5148.76580113
2019-11-03,182.92,184.97,179.11,181.57,4947.99620631
2019-11-04,181.61,189.64,180.42,186.31,13152.37240485
2019-11-05,186.11,192.64,182.48,188.68,25726.12926712
2019-11-06,188.69,194.73,187.86,191.14,16394.0453774
2019-11-07,191.22,191.87,184.32,186.23,10332.61590557
2019-11-08,186.43,188.14,180.78,183.88,23209.95673988
2019-11-09,183.49,185.73,182.24,185.04,5816.51951181
2019-11-10,184.61,192.0,183.36,188.99,11190.88164513
2019-11-11,188.98,190.0,183.47,184.39,11736.05676404
2019-11-12,184.15,187.38,182.01,186.73,11199.62394422
2019-11-13,186.89,189.45,185.08,187.75,9122.09773369
2019-11-14,188.22,188.22,182.71,184.45,11650.31542817
2019-11-15,184.81,187.0,177.11,179.82,21867.04144063
2019-11-16,179.83,183.28,179.04,182.33,6070.14593902
2019-11-17,182.32,186.27,179.96,183.85,4373.67665032
2019-11-18,183.53,184.12,174.15,177.86,12991.74845077
2019-11-19,177.65,178.09,172.5,175.65,16181.78115198
2019-11-20,175.81,177.3,173.24,174.23,9957.86265384
2019-11-21,174.42,175.33,155.53,160.9,38041.25152733
2019-11-22,160.9,162.68,137.71,150.17,91617.22749592
2019-11-23,149.5,154.44,146.43,152.34,8416.43206904
2019-11-24,151.93,153.07,138.62,139.79,15312.96452278
2019-11-25,140.08,151.91,131.74,145.94,91709.01678941
2019-11-26,145.97,150.0,143.6,147.77,22144.25169339
2019-11-27,147.61,155.86,140.96,152.64,62566.96885699
2019-11-28,153.35,154.84,149.35,150.96,19258.14339501
2019-11-29,151.02,157.76,150.68,154.6,21941.82076558
2019-11-30,154.36,155.36,149.79,151.65,9481.31565619
2019-12-01,151.34,152.26,145.91,151.13,8959.62274214
2019-12-02,151.1,151.58,146.88,149.04,7135.54389457
2019-12-03,148.95,150.02,145.73,147.38,11106.47062756
2019-12-04,147.03,152.57,143.11,145.46,23895.07994698
2019-12-05,145.32,148.93,143.7,147.99,13770.92659548
2019-12-06,148.21,149.79,145.78,148.49,15950.78713359
2019-12-07,149.11,149.94,147.13,147.31,4143.01268359
2019-12-08,147.0,151.99,146.17,150.62,6733.5180839
2019-12-09,150.53,151.58,146.61,147.36,13230.82563909
2019-12-10,147.29,148.28,143.73,145.64,15409.27675472
2019-12-11,145.48,146.31,141.93,143.2,7134.99455618
2019-12-12,143.31,145.68,139.18,144.74,20091.22177762
2019-12-13,144.92,145.12,142.74,144.59,15137.3629099
2019-12-14,144.67,145.0,141.02,141.64,5665.08285943
2019-12-15,141.57,144.0,139.79,142.33,8823.41163169
2019-12-16,142.53,142.53,128.94,132.29,48678.33464317
2019-12-17,132.33,132.63,119.72,121.78,48569.29085683
2019-12-18,121.82,134.81,116.0,132.94,55401.18047325
2019-12-19,133.63,134.1,125.6,128.15,38878.65812458
2019-12-20,128.25,129.35,125.72,128.28,18170.71606581
2019-12-21,128.4,128.44,126.62,127.11,6769.97557179
2019-12-22,127.14,133.05,126.87,132.28,13919.89090562
2019-12-23,132.44,135.16,126.1,128.11,20694.61410556
2019-12-24,127.72,129.69,126.63,127.74,7481.55511134
2019-12-25,127.82,127.82,123.02,124.97,12517.80172802
2019-12-26,124.9,132.03,124.09,125.43,15307.39345755
2019-12-27,125.39,126.7,121.82,126.31,9552.74221315
2019-12-28,126.06,129.49,125.74,127.73,3245.50785887
2019-12-29,127.79,137.72,127.32,134.25,13743.97852182
2019-12-30,133.95,135.99,129.93,131.05,8088.67368926
2019-12-31,130.98,133.28,127.65,128.63,14849.53288818
2020-01-01,128.5,132.64,128.17,130.27,9263.15914496
2020-01-02,130.15,130.31,125.67,126.76,14036.96577622
2020-01-03,126.7,134.9,125.55,133.89,33830.22393761
2020-01-04,134.35,135.69,132.3,133.85,8324.23354011
2020-01-05,134.22,138.23,134.12,134.94,6286.33702656
2020-01-06,135.22,144.41,134.81,144.37,28594.18324563
2020-01-07,144.39,145.2,138.87,143.0,17039.76956808
2020-01-08,142.86,148.0,136.42,140.48,41734.20781303
2020-01-09,140.55,141.19,135.4,137.92,23551.99847941
2020-01-10,137.71,145.29,135.18,144.73,20791.10860453
2020-01-11,144.64,148.0,142.01,142.63,9947.04546941
2020-01-12,142.37,146.55,141.83,146.28,4319.42078665
2020-01-13,146.69,146.86,142.14,143.51,14097.81561672
2020-01-14,143.73,170.86,143.73,165.93,76002.18601708
2020-01-15,165.68,171.78,159.09,166.26,53765.38287074
2020-01-16,166.06,167.28,158.35,164.09,32297.63846538
2020-01-17,164.56,174.3,162.01,169.62,36387.65075342
2020-01-18,169.67,179.26,164.78,174.24,23068.0493292
2020-01-19,174.29,178.0,161.53,166.72,21710.23677226
2020-01-20,166.78,169.23,160.9,166.65,25280.69584593
2020-01-21,166.68,169.99,164.28,169.35,25536.58670976
2020-01-22,169.41,171.03,165.64,167.81,14719.87143703
2020-01-23,167.48,167.48,158.68,162.51,15319.59467594
2020-01-24,162.5,164.24,155.12,162.15,50015.80652043
2020-01-25,162.05,162.32,157.55,160.54,3852.11563695
2020-01-26,159.6,167.71,159.13,167.65,7709.40970468
2020-01-27,167.52,171.84,164.77,169.73,19627.22627747
2020-01-28,169.73,176.26,169.73,175.8,28602.2992526
2020-01-29,176.33,178.3,173.2,173.45,12447.7045486
2020-01-30,172.85,186.4,170.56,184.3,28016.33606871
2020-01-31,184.41,185.15,174.77,179.84,31905.55471945
2020-02-01,179.83,184.32,179.0,183.51,10707.05738654
2020-02-02,183.52,193.13,179.0,188.16,24383.94592788
2020-02-03,187.69,195.0,186.45,189.66,21746.64866431
2020-02-04,190.23,191.47,181.93,188.15,24514.89431175
2020-02-05,188.15,207.91,187.5,203.54,37437.29519117
2020-02-06,204.16,216.39,200.47,213.09,38877.48936167
2020-02-07,213.08,224.44,212.88,223.43,44944.26688232
2020-02-08,222.95,228.03,213.56,223.2,22896.13856016
2020-02-09,223.6,230.98,223.6,228.42,37340.04024853
2020-02-10,229.23,229.84,213.37,222.74,31986.4578514
2020-02-11,223.23,239.69,217.82,237.95,43291.61249191
2020-02-12,238.51,275.85,238.47,266.42,70390.13423864
2020-02-13,266.55,278.31,255.24,268.94,73512.32873284
2020-02-14,268.44,287.81,259.67,285.96,49082.02213932
2020-02-15,285.97,289.04,261.2,264.67,46519.02412503
2020-02-16,265.02,273.98,236.32,258.89,40568.17088608
2020-02-17,258.75,269.12,242.31,268.3,45087.20640379
2020-02-18,268.41,286.77,258.72,281.87,55006.06956499
2020-02-19,283.4,287.0,251.03,258.57,47682.25602615
2020-02-20,258.51,263.81,245.0,257.42,43814.36517883
2020-02-21,257.18,269.0,254.36,265.71,37646.27445091
2020-02-22,264.4,267.43,255.16,262.13,15758.12187607
2020-02-23,262.51,276.52,261.91,275.66,21398.17687945
2020-02-24,275.41,278.22,256.55,266.04,26262.95494295
2020-02-25,264.6,265.17,243.91,246.58,44103.2153222
2020-02-26,245.08,249.91,215.13,223.76,96974.77986758
2020-02-27,223.6,239.0,209.37,227.23,62606.46718793
2020-02-28,227.8,234.84,213.36,227.26,38953.16860487
2020-02-29,227.68,233.32,217.13,217.63,17738.50781146
2020-03-01,218.38,227.76,211.89,217.34,32911.95777994
2020-03-02,217.14,234.65,215.81,231.97,42712.82574707
2020-03-03,232.12,233.03,219.9,223.46,48628.61092037
2020-03-04,224.0,228.89,220.33,224.52,20732.32518982
2020-03-05,224.49,234.43,224.49,228.81,60978.3188084
2020-03-06,228.46,245.93,227.69,245.52,52598.135007
2020-03-07,245.54,252.82,235.64,237.54,27900.13171367
2020-03-08,237.27,237.27,195.91,199.38,65388.05337851
2020-03-09,199.83,208.62,189.64,202.93,111388.83333163
2020-03-10,202.93,206.39,195.56,200.39,62621.30735816
2020-03-11,200.51,203.13,181.72,194.57,81751.97166946
2020-03-12,195.07,195.57,102.66,109.42,343137.40019134
2020-03-13,109.35,148.33,88.2,135.45,397258.14311439
2020-03-14,135.23,135.6,120.82,122.43,80715.61817187
2020-03-15,122.43,133.78,120.0,123.55,128402.08149053
2020-03-16,123.11,123.81,100.66,111.04,167022.61446378
2020-03-17,112.0,121.33,109.68,115.91,69740.63915937
2020-03-18,116.16,118.73,110.11,118.63,87672.92988205
2020-03-19,118.84,144.87,115.78,136.75,127650.14921141
2020-03-20,137.18,153.48,115.5,133.5,153435.2664638
2020-03-21,133.5,137.61,126.0,132.65,71549.57173625
2020-03-22,132.47,137.26,120.49,122.47,53577.5709082
2020-03-23,122.24,138.19,119.04,136.54,71195.64487017
2020-03-24,136.63,144.06,132.99,139.12,103407.7375406
2020-03-25,138.79,142.86,132.05,136.42,63452.35594547
2020-03-26,136.86,140.21,133.47,138.97,47945.34130977
2020-03-27,139.29,142.45,128.94,131.43,50317.19992053
2020-03-28,131.42,133.47,125.02,131.35,48311.9866539
2020-03-29,132.0,132.0,123.27,124.59,44183.66168161
2020-03-30,124.45,135.56,124.01,132.36,34805.26074635
2020-03-31,132.48,135.79,130.5,133.14,23130.90087481
2020-04-01,133.17,137.2,128.91,135.98,32940.69794717
2020-04-02,136.59,150.0,135.42,141.71,59641.49939542
2020-04-03,141.31,147.24,137.89,141.4,46495.40097431
2020-04-04,141.37,146.72,139.04,144.59,19772.81642673
2020-04-05,144.92,145.93,140.78,143.03,13210.43032409
2020-04-06,142.79,172.26,142.79,171.65,103826.56487592
2020-04-07,171.5,176.65,162.18,164.55,100869.80497622
2020-04-08,164.68,174.75,163.67,173.23,52450.68692811
2020-04-09,173.13,173.7,165.28,170.07,46460.10693988
2020-04-10,169.79,170.35,152.18,157.97,69435.02428346
2020-04-11,158.4,161.62,154.06,158.65,26233.72852261
2020-04-12,158.65,165.48,155.24,158.39,35342.1090032
2020-04-13,158.05,159.65,148.82,157.03,52489.38882902
2020-04-14,157.23,162.26,155.32,158.61,26312.72836736
2020-04-15,158.34,161.5,151.9,152.96,33567.88494264
2020-04-16,152.53,175.17,148.19,172.37,93356.13573355
2020-04-17,172.92,175.12,168.12,171.0,27438.69463688
2020-04-18,170.71,189.73,170.71,188.03,54336.80949115
2020-04-19,187.76,188.58,176.45,180.2,31718.63713813
2020-04-20,180.15,186.63,166.8,170.64,94313.37544638
2020-04-21,170.48,174.96,168.35,171.07,28178.29560233
2020-04-22,170.65,184.3,170.01,183.25,45482.26579616
2020-04-23,183.11,194.51,178.26,185.67,98909.07739809
2020-04-24,185.44,190.0,184.76,187.56,41405.32479293
2020-04-25,187.42,198.3,186.0,194.0,38526.01771079
2020-04-26,195.0,200.0,192.51,197.96,51840.35446041
2020-04-27,197.98,199.56,189.2,196.9,44891.7067574
2020-04-28,196.71,198.0,192.48,196.73,31959.57633308
2020-04-29,196.85,219.5,196.79,215.67,130958.69519496
2020-04-30,215.67,227.73,201.66,206.2,103718.93607718
2020-05-01,206.43,217.58,206.32,212.02,44824.0005125
2020-05-02,211.93,215.49,210.38,214.07,17518.70412673
2020-05-03,214.24,219.18,205.03,210.2,42008.78640851
2020-05-04,209.91,210.75,195.01,207.01,54083.23037584
2020-05-05,207.29,212.13,200.66,205.62,30469.48561157
2020-05-06,205.26,212.0,198.16,199.13,57045.27033623
2020-05-07,199.09,215.55,196.72,212.56,103978.28851535
2020-05-08,212.68,216.85,207.22,211.59,45587.86496605
2020-05-09,211.67,214.72,208.49,210.21,35735.38854296
2020-05-10,209.76,209.96,180.0,188.06,122466.84067896
2020-05-11,187.84,193.88,175.51,186.18,81205.55480091
2020-05-12,186.48,192.59,185.9,189.79,48201.7198576
2020-05-13,189.98,201.16,188.34,199.8,56116.30415707
2020-05-14,199.85,206.32,195.75,203.11,69141.84768953
2020-05-15,203.36,204.22,191.49,194.57,53363.89341492
2020-05-16,194.59,203.39,193.08,200.43,25545.20517598
2020-05-17,200.34,210.0,199.53,207.03,45535.22264311
2020-05-18,207.02,217.1,207.01,214.84,66026.94550346
2020-05-19,214.9,215.99,209.17,214.62,36384.31374315
2020-05-20,214.9,215.55,205.86,209.98,34489.68509652
2020-05-21,209.79,211.65,191.47,198.64,57163.97626409
2020-05-22,197.94,209.34,196.2,207.12,53431.41678817
2020-05-23,207.39,211.21,204.82,206.84,13902.38753529
2020-05-24,206.37,210.77,199.45,199.64,35346.44730509
2020-05-25,199.65,205.78,197.35,204.04,32693.42879409
2020-05-26,204.0,204.99,196.6,201.16,46170.31013495
2020-05-27,200.9,208.6,200.9,208.32,42237.411116
2020-05-28,208.33,220.73,204.57,220.57,51215.75249867
2020-05-29,220.53,224.9,217.39,220.6,50201.55591774
2020-05-30,220.86,247.43,218.85,243.28,90932.65108994
2020-05-31,243.39,245.39,229.59,231.63,55541.39454011
2020-06-01,231.34,251.74,230.48,248.03,70673.92737647
2020-06-02,248.76,253.43,225.0,237.72,116977.1594075
2020-06-03,237.81,245.18,233.28,244.69,48786.58623007
2020-06-04,244.71,246.62,235.83,243.32,61054.93951253
2020-06-05,243.33,248.12,239.05,240.19,46036.74288739
2020-06-06,239.78,244.66,237.6,242.21,21924.25076666
2020-06-07,241.97,245.6,233.82,244.74,48616.23162632
2020-06-08,244.91,247.9,241.05,246.82,39149.48862897
2020-06-09,246.77,250.22,215.0,244.14,45485.61580318
2020-06-10,243.9,250.77,241.75,248.04,50542.76848592
2020-06-11,248.25,251.01,225.2,230.14,113531.57085168
2020-06-12,230.08,247.99,228.24,237.41,62339.91903241
2020-06-13,237.77,238.79,234.54,238.12,15636.08394591
2020-06-14,238.03,238.62,229.77,231.59,29400.88174637
2020-06-15,231.41,233.67,217.79,230.78,90084.47454617
2020-06-16,230.99,236.0,228.77,235.28,31138.0869783
2020-06-17,235.51,237.42,227.56,233.62,34009.55225262
2020-06-18,233.49,234.48,227.37,231.16,21253.14748856
2020-06-19,230.93,231.8,226.34,228.64,25219.57356154
2020-06-20,228.89,230.6,225.0,228.89,17118.91896001
2020-06-21,229.25,231.18,226.84,227.73,11985.73455158
2020-06-22,227.71,247.04,227.31,243.33,61687.34301915
2020-06-23,243.53,244.98,240.82,243.23,29253.81729064
2020-06-24,243.24,249.11,230.71,234.43,71469.48592981
2020-06-25,234.05,235.21,227.0,232.44,51367.15796791
2020-06-26,232.2,233.35,227.26,229.31,45242.7511872
2020-06-27,229.62,231.0,215.79,220.83,47407.00864985
2020-06-28,220.69,227.8,217.76,224.94,27501.26579722
2020-06-29,225.08,229.98,220.92,227.87,38058.8499372
2020-06-30,228.02,228.62,222.79,225.62,24951.91045872
2020-07-01,225.43,232.8,223.99,231.05,38194.57667437
2020-07-02,230.98,232.19,222.88,226.53,36997.61340275
2020-07-03,226.39,228.26,224.2,225.24,16358.72486735
2020-07-04,224.82,230.95,224.53,229.2,18027.08807943
2020-07-05,229.24,229.89,223.27,227.78,17098.81010992
2020-07-06,227.74,242.19,227.06,241.88,48136.94150423
2020-07-07,241.7,243.95,234.3,239.23,38671.46104154
2020-07-08,239.51,249.0,237.96,247.16,48519.6576044
2020-07-09,246.81,247.62,237.6,242.04,36072.84253863
2020-07-10,242.0,242.0,235.0,241.11,32964.49215985
2020-07-11,241.26,241.63,237.46,239.22,12141.97331754
2020-07-12,239.42,244.07,236.48,242.74,24335.76514373
2020-07-13,243.26,245.47,237.25,239.49,36030.77800809
2020-07-14,239.47,242.19,236.76,240.45,26062.81624787
2020-07-15,240.42,241.43,236.41,238.27,19630.45492954
2020-07-16,238.47,239.38,229.44,233.56,31211.19228031
2020-07-17,233.61,234.61,231.32,232.59,21851.47339362
2020-07-18,232.5,237.14,232.26,235.84,10615.01670474
2020-07-19,235.62,239.98,233.28,239.24,15601.35767031
2020-07-20,239.3,239.82,234.09,235.98,23698.49902825
2020-07-21,235.96,246.96,235.58,245.91,46003.15841432
2020-07-22,245.63,270.0,241.76,264.23,55346.33388165
2020-07-23,264.43,280.76,260.0,275.66,107202.17245311
2020-07-24,275.27,288.99,267.96,279.32,65634.13101896
2020-07-25,279.84,309.0,279.84,305.66,80810.57058059
2020-07-26,305.17,320.77,300.2,311.47,101603.33573615
2020-07-27,311.38,334.41,311.38,322.86,143337.55853998
2020-07-28,322.81,327.43,305.76,317.53,77318.72419394
2020-07-29,317.96,330.02,313.09,318.4,50279.54917949
2020-07-30,317.47,342.37,313.78,335.04,61449.1016197
2020-07-31,335.49,349.94,328.92,346.67,55368.48779515
2020-08-01,347.13,393.79,343.64,387.32,103742.66339016
2020-08-02,387.42,415.67,325.0,371.96,129558.64543778
2020-08-03,372.42,398.52,367.0,386.3,63863.45282186
2020-08-04,386.3,403.54,380.87,389.75,61425.99499358
2020-08-05,390.95,407.7,383.6,401.21,53760.1313862
2020-08-06,401.23,404.0,389.64,394.9,37076.4427567
2020-08-07,394.94,398.65,360.0,379.71,80787.11410587
2020-08-08,379.6,397.64,376.41,397.48,24208.20367815
2020-08-09,397.53,400.5,383.48,390.32,26396.03648891
2020-08-10,391.36,400.51,384.61,395.99,76909.86295944
2020-08-11,395.57,398.43,366.22,378.98,62760.67690016
2020-08-12,378.71,389.3,365.41,387.31,54751.39448887
2020-08-13,387.41,431.8,375.8,424.9,81372.18914985
2020-08-14,425.43,444.8,418.0,438.72,103931.4782325
2020-08-15,438.72,443.11,422.01,432.78,44749.08146721
2020-08-16,432.55,437.11,412.43,434.05,36367.22821975
2020-08-17,434.27,447.0,420.38,430.86,78327.30350912
2020-08-18,431.26,434.41,413.23,422.09,37823.24832403
2020-08-19,422.15,426.82,393.0,407.43,77106.60490057
2020-08-20,408.25,419.36,402.33,416.18,44547.72603466
2020-08-21,416.19,419.0,383.0,388.11,71757.21126635
2020-08-22,387.72,396.92,379.4,396.12,26105.56765161
2020-08-23,395.57,397.44,383.66,390.86,18533.95891409
2020-08-24,390.98,410.47,387.65,408.28,48419.88622453
2020-08-25,407.8,409.01,368.88,383.78,57034.56280897
2020-08-26,383.1,393.38,376.38,386.14,48534.82395059
2020-08-27,386.25,397.46,368.5,383.43,58655.14493977
2020-08-28,383.43,398.32,379.83,395.42,37117.33744247
2020-08-29,395.35,405.91,392.43,398.58,27091.02780758
2020-08-30,398.66,430.0,398.44,428.92,42949.04622593
2020-08-31,428.78,439.58,418.21,434.0,45627.75551964
2020-09-01,434.0,489.0,429.61,475.59,90938.98246622
2020-09-02,475.57,481.64,420.01,439.92,119484.19319146
2020-09-03,440.24,451.42,372.13,382.47,120238.3056607
2020-09-04,381.65,400.69,360.0,385.94,122684.20388517
2020-09-05,385.65,394.86,309.7,334.91,180087.92301798
2020-09-06,334.77,360.66,316.49,352.76,115930.56137469
2020-09-07,353.5,358.65,323.28,353.53,90223.79542743
2020-09-08,353.76,356.41,325.34,337.28,68182.3646505
2020-09-09,337.12,359.34,330.72,351.21,51029.66766145
2020-09-10,350.86,377.84,350.19,367.9,56254.35132876
2020-09-11,368.49,375.42,355.52,374.06,41824.23675833
2020-09-12,374.07,388.23,364.73,387.58,27856.09799626
2020-09-13,387.72,390.55,353.05,366.48,41211.04254832
2020-09-14,366.55,385.0,356.06,377.25,69156.83937152
2020-09-15,377.25,382.35,362.07,364.03,57590.36953774
2020-09-16,363.78,373.38,354.85,365.11,46710.18208811
2020-09-17,364.8,394.32,363.33,389.27,62178.79034613
2020-09-18,389.11,392.53,375.54,384.84,37402.14032175
2020-09-19,383.49,388.36,377.11,385.5,13078.23422681
2020-09-20,384.98,385.38,364.94,370.86,25014.15945729
2020-09-21,371.04,376.47,330.77,340.18,85290.50503008
2020-09-22,340.35,346.74,335.48,344.04,52405.55270203
2020-09-23,344.38,344.61,313.0,320.17,57059.32720985
2020-09-24,320.58,353.26,316.83,349.03,82619.29241266
2020-09-25,348.83,358.03,337.78,351.51,64130.49967608
2020-09-26,352.6,356.62,346.19,353.92,19009.8712773
2020-09-27,354.23,362.25,347.16,357.39,18758.77154381
2020-09-28,357.86,368.35,352.0,353.95,38300.57100004
2020-09-29,352.4,360.8,350.25,359.8,42663.6498199
2020-09-30,359.91,361.34,351.29,359.94,23535.28177491
2020-10-01,360.03,369.69,345.01,352.95,41093.66019381
2020-10-02,351.95,354.29,334.46,345.68,61782.2580543
2020-10-03,345.84,351.26,344.03,346.31,10472.89599911
2020-10-04,345.88,354.14,344.16,352.68,10998.07418169
2020-10-05,352.6,356.04,348.46,353.64,18552.62547199
2020-10-06,354.88,355.1,336.85,340.77,42229.55539518
2020-10-07,340.66,342.96,332.93,341.86,24527.59781207
2020-10-08,342.0,353.45,333.82,351.25,28720.23727174
2020-10-09,351.06,368.45,339.91,365.51,44093.82702496
2020-10-10,365.2,378.51,365.11,371.06,23287.8231673
2020-10-11,370.71,377.55,369.37,374.33,9516.89233115
2020-10-12,374.13,395.44,365.68,386.43,48725.32646862
2020-10-13,386.94,387.8,374.19,381.5,39122.79763743
2020-10-14,381.47,387.62,373.08,378.86,32124.29628473
2020-10-15,378.43,382.0,370.15,377.88,27856.54821219
2020-10-16,377.88,379.95,361.34,365.61,47090.91402472
2020-10-17,365.77,370.65,363.62,368.56,7362.08617622
2020-10-18,367.8,378.64,367.6,378.48,7482.08816614
2020-10-19,378.58,384.7,372.81,379.17,29984.1713049
2020-10-20,379.47,380.95,364.25,368.68,37817.23432473
2020-10-21,369.06,402.46,368.2,391.59,89138.9543076
2020-10-22,391.3,421.52,391.3,414.56,59872.62723286
2020-10-23,414.12,419.51,401.5,409.76,25402.44005852
2020-10-24,409.97,416.91,407.82,412.62,10180.98311369
2020-10-25,412.36,418.13,403.2,406.28,12373.55582071
2020-10-26,406.2,411.26,382.5,393.11,53204.24156561
2020-10-27,393.36,410.88,390.39,403.91,31777.7120001
2020-10-28,403.45,409.31,380.36,388.6,49378.54513977
2020-10-29,389.0,394.02,380.53,387.34,40747.16636549
2020-10-30,387.65,392.07,373.73,382.61,36516.62715858
2020-10-31,382.49,394.0,380.79,387.01,12477.80653127
2020-11-01,386.31,398.13,385.0,396.78,9594.99938757
2020-11-02,397.14,404.5,378.23,383.86,51571.71531068
2020-11-03,383.33,390.63,370.43,388.42,25153.72799972
2020-11-04,388.8,408.81,375.05,403.06,52528.83537603
2020-11-05,403.33,421.43,395.93,417.05,52265.80899563
2020-11-06,418.02,458.7,415.86,456.3,77703.30278031
2020-11-07,456.35,468.91,424.17,435.46,53766.69706242
2020-11-08,435.09,460.86,432.86,454.83,27947.54778627
2020-11-09,454.47,459.74,434.26,444.28,51714.97116778
2020-11-10,445.14,455.25,439.09,450.55,37675.5956442
2020-11-11,451.26,477.0,449.97,464.33,50976.57369959
2020-11-12,463.29,470.43,451.63,463.06,37377.87869784
2020-11-13,464.0,478.51,457.85,477.18,44731.44199184
2020-11-14,477.3,478.35,451.88,461.31,25479.53449124
2020-11-15,460.94,463.46,440.6,448.45,23467.90745127
2020-11-16,448.51,466.49,445.91,460.57,32382.70833155
2020-11-17,460.49,485.36,460.4,482.96,54367.32150108
2020-11-18,482.5,496.0,458.33,478.71,88812.36302183
2020-11-19,479.68,481.1,465.0,471.9,55347.11826708
2020-11-20,471.98,514.72,471.32,510.35,108653.1726335
2020-11-21,510.53,554.0,503.1,552.96,63667.23565287
2020-11-22,553.18,581.92,511.25,561.26,76889.60957211
2020-11-23,561.73,611.67,549.99,609.35,109806.06701985
2020-11-24,609.25,623.65,589.97,605.72,72079.05119132
2020-11-25,605.17,606.61,554.26,569.64,91326.83947655
2020-11-26,569.0,576.99,480.74,520.21,189448.36567575
2020-11-27,521.07,531.12,493.97,518.65,93285.68749224
2020-11-28,519.39,548.65,506.51,537.92,85920.17299547
2020-11-29,537.4,577.18,530.54,576.6,51437.2664566
2020-11-30,576.97,617.0,570.76,617.0,89314.25408395
2020-12-01,617.0,636.93,562.74,586.16,132071.94467969
2020-12-02,585.69,604.99,575.24,598.2,115162.98101038
2020-12-03,596.45,624.36,586.0,616.74,94158.3818886
2020-12-04,616.26,620.92,565.83,567.78,133931.62063981
2020-12-05,567.21,597.91,561.0,597.16,38584.74470604
2020-12-06,598.0,607.41,583.5,602.47,34253.58591312
2020-12-07,602.98,602.98,584.71,591.65,32076.09801156
2020-12-08,591.66,595.45,548.68,554.72,111845.29758918
2020-12-09,554.59,577.91,530.36,573.44,170254.56016797
2020-12-10,573.75,574.9,548.38,558.11,61487.1906811
2020-12-11,559.57,560.05,535.03,543.76,156854.79559534
2020-12-12,543.38,574.52,543.38,568.2,48287.04279335
2020-12-13,568.07,595.0,563.68,590.71,44996.25784445
2020-12-14,590.5,591.64,575.59,586.17,48205.28908759
2020-12-15,586.49,597.61,579.0,589.04,34570.00584386
2020-12-16,589.12,639.92,581.0,638.31,126698.01811843
2020-12-17,638.45,676.94,625.86,643.71,184265.10194117
2020-12-18,644.67,664.42,628.6,655.0,84346.84451231
2020-12-19,655.0,671.0,645.97,658.71,89281.25539186
2020-12-20,658.92,661.39,621.55,638.49,48989.98879846
2020-12-21,637.88,648.16,595.22,607.77,123238.5498839
2020-12-22,608.39,638.19,587.59,637.23,101954.24467962
2020-12-23,637.22,638.8,550.0,585.43,97786.70414382
2020-12-24,584.86,614.95,565.67,612.23,48800.16467508
2020-12-25,613.25,633.47,604.2,626.78,60557.46515648
2020-12-26,626.82,652.73,615.5,636.49,58305.22197704
2020-12-27,638.0,714.99,624.49,683.6,151576.605711
2020-12-28,683.85,747.0,680.67,729.63,139810.76990495
2020-12-29,729.31,739.81,688.98,731.8,69697.74504444
2020-12-30,733.57,758.5,716.83,752.71,103291.73423688
2020-12-31,753.31,755.9,722.35,737.24,73278.34924426
2021-01-01,737.5,750.34,716.24,731.18,67207.99694594
2021-01-02,731.99,788.82,717.0,775.59,101732.13526586
2021-01-03,775.4,1014.7,769.95,979.33,256214.08926463
2021-01-04,980.23,1169.97,890.0,1042.95,319719.31834411
2021-01-05,1045.65,1136.0,975.0,1102.97,302282.87488153
2021-01-06,1102.97,1215.0,1059.73,1212.85,219418.46409461
2021-01-07,1213.21,1291.0,1150.0,1226.56,218739.14655032
2021-01-08,1229.76,1275.74,1065.0,1217.84,244319.41733279
2021-01-09,1219.76,1309.98,1171.88,1280.11,115530.77562137
2021-01-10,1282.4,1352.85,1146.34,1256.0,158589.44621696
2021-01-11,1258.23,1258.23,911.0,1087.82,391990.39838963
2021-01-12,1086.46,1152.0,1005.04,1048.42,136402.84895273
2021-01-13,1048.9,1137.09,985.29,1130.76,122061.98804887
2021-01-14,1130.42,1246.54,1086.69,1233.01,112726.24523244
2021-01-15,1233.84,1255.52,1059.55,1170.93,163744.95393743
2021-01-16,1169.71,1293.18,1152.51,1228.19,116544.73802915
2021-01-17,1226.44,1268.87,1166.08,1232.95,93016.58930532
2021-01-18,1233.23,1261.3,1182.8,1257.86,92116.02988287
2021-01-19,1258.64,1440.0,1251.49,1369.62,179194.96261236
2021-01-20,1368.05,1408.28,1235.12,1377.8,149880.62716112
2021-01-21,1378.36,1389.49,1081.22,1110.37,211589.61190997
2021-01-22,1110.48,1275.57,1041.22,1234.77,151687.87291139
2021-01-23,1232.26,1273.0,1196.22,1234.52,55607.68996937
2021-01-24,1233.88,1400.0,1221.84,1393.5,134917.83419197
2021-01-25,1393.86,1476.06,1293.2,1317.92,149354.54376158
2021-01-26,1316.21,1378.34,1245.25,1367.96,110483.29269227
2021-01-27,1366.91,1375.0,1205.98,1240.62,141198.79745693
2021-01-28,1240.62,1364.0,1219.0,1331.71,108281.42161391
2021-01-29,1332.47,1440.0,1287.61,1379.35,151824.06465985
2021-01-30,1380.94,1407.67,1326.81,1378.15,70078.00563981
2021-01-31,1374.46,1381.13,1282.48,1314.17,46723.36567596
2021-02-01,1313.19,1377.76,1271.8,1375.28,60834.72958926
2021-02-02,1375.65,1549.21,1362.85,1513.0,126366.02112154
2021-02-03,1513.62,1673.34,1507.61,1667.28,106199.11273943
2021-02-04,1669.23,1698.56,1555.26,1598.89,100659.42170598
2021-02-05,1598.15,1764.55,1593.0,1721.04,77705.65401435
2021-02-06,1721.72,1745.52,1647.76,1679.46,75746.50362619
2021-02-07,1680.03,1695.09,1492.6,1615.44,79754.24042088
2021-02-08,1615.77,1779.43,1566.21,1752.3,110082.25161197
2021-02-09,1754.07,1825.36,1708.21,1772.94,67940.076017
2021-02-10,1773.72,1839.0,1678.67,1743.14,87952.33232993
2021-02-11,1745.21,1819.0,1704.87,1788.18,75222.08919245
2021-02-12,1787.64,1868.8,1741.16,1845.93,69275.68002034
2021-02-13,1845.74,1874.98,1765.54,1817.2,58072.79926344
2021-02-14,1820.26,1853.3,1785.93,1802.0,62494.24175093
2021-02-15,1803.43,1839.25,1660.0,1780.19,113833.32715503
2021-02-16,1779.6,1826.23,1723.67,1781.16,87870.25276779
2021-02-17,1783.75,1857.79,1733.46,1851.26,65212.37484467
2021-02-18,1852.07,1951.26,1852.07,1939.05,72480.32210128
2021-02-19,1942.87,1974.99,1890.69,1958.16,65276.4575562
2021-02-20,1957.84,2040.62,1801.94,1916.4,57264.99341453
2021-02-21,1915.03,1976.94,1885.29,1935.24,27671.26608507
2021-02-22,1936.27,1937.11,1540.58,1778.72,166674.70417511
2021-02-23,1778.36,1782.06,1352.89,1578.14,203281.71478798
2021-02-24,1578.21,1714.77,1500.0,1625.51,70838.77709831
2021-02-25,1623.76,1672.91,1458.85,1480.16,44072.41451006
2021-02-26,1480.21,1563.83,1400.0,1447.06,52364.48905154
2021-02-27,1445.19,1527.7,1427.43,1459.03,74913.18811541
2021-02-28,1457.78,1469.74,1293.42,1421.77,147163.04598849
2021-03-01,1424.29,1573.31,1413.44,1570.83,56377.83225247
2021-03-02,1572.12,1604.99,1455.0,1488.8,38100.18145227
2021-03-03,1487.03,1658.0,1478.61,1568.0,61937.70970425
2021-03-04,1568.11,1625.39,1504.16,1538.23,81503.09889406
2021-03-05,1540.71,1549.29,1441.25,1527.29,60074.77956313
2021-03-06,1530.03,1672.98,1513.72,1651.16,76977.07129927
2021-03-07,1652.87,1735.0,1630.39,1727.3,40239.80258044
2021-03-08,1729.6,1842.52,1665.76,1835.06,65383.83569739
2021-03-09,1836.88,1872.78,1798.57,1872.78,36537.83968677
2021-03-10,1873.23,1879.69,1758.79,1793.51,80810.76160587
2021-03-11,1794.46,1848.47,1723.84,1826.23,61046.12372644
2021-03-12,1827.37,1842.17,1720.55,1767.48,40877.58101617
2021-03-13,1767.76,1943.32,1728.25,1920.98,52560.20386912
2021-03-14,1922.22,1931.6,1837.0,1848.37,26691.64731908
2021-03-15,1847.52,1890.0,1732.0,1793.21,85342.28664203
2021-03-16,1795.47,1820.0,1711.89,1805.65,87285.79635618
2021-03-17,1807.71,1840.98,1741.08,1822.3,42379.79355185
2021-03-18,1829.74,1850.0,1758.53,1776.02,32571.47907809
2021-03-19,1776.11,1841.0,1732.17,1809.44,20843.87645642
2021-03-20,1810.84,1869.2,1800.0,1803.79,31379.09823626
2021-03-21,1804.94,1816.79,1745.0,1783.59,21250.26572856
2021-03-22,1783.99,1808.34,1654.3,1681.69,39276.54702311
2021-03-23,1682.74,1722.15,1651.3,1670.16,33651.58421835
2021-03-24,1668.38,1739.61,1520.0,1582.94,103914.6369168
2021-03-25,1581.08,1680.0,1549.15,1586.26,49991.98650209
2021-03-26,1586.48,1701.29,1586.48,1699.37,53482.28616506
2021-03-27,1700.28,1732.5,1666.57,1713.6,33598.82964408
2021-03-28,1714.07,1725.64,1661.79,1686.5,22802.84139998
2021-03-29,1686.84,1842.0,1676.32,1817.22,49178.38746818
2021-03-30,1816.61,1860.2,1785.6,1842.12,37369.22480682
2021-03-31,1842.06,1947.49,1770.18,1917.91,53215.26280621
2021-04-01,1922.85,1982.0,1884.88,1967.82,39186.05458466
2021-04-02,1968.46,2144.99,1949.77,2134.56,56445.16949676
2021-04-03,2135.74,2138.26,1996.16,2008.28,40026.19831604
2021-04-04,2007.75,2092.58,1978.21,2075.74,24508.82934953
2021-04-05,2077.1,2131.37,2002.22,2107.23,30764.05085673
2021-04-06,2108.82,2151.63,2043.83,2112.69,32765.44203896
2021-04-07,2112.69,2129.39,1930.0,1963.08,42890.8370441
2021-04-08,1963.44,2084.95,1949.0,2081.0,35731.7160459
2021-04-09,2082.02,2100.0,2048.41,2065.93,24168.67419454
2021-04-10,2066.78,2197.0,2057.34,2134.22,35714.81004752
2021-04-11,2135.38,2163.55,2112.32,2148.15,12969.16074847
2021-04-12,2150.76,2200.0,2098.56,2136.77,27358.29497177
2021-04-13,2137.73,2317.23,2135.0,2299.69,43182.35217367
2021-04-14,2300.31,2446.96,2282.31,2432.63,63187.08256662
2021-04-15,2433.79,2546.0,2400.0,2517.35,46713.35027087
2021-04-16,2518.24,2548.93,2301.75,2426.19,74898.11280087
2021-04-17,2427.08,2497.39,2312.87,2317.11,39844.19803382
2021-04-18,2317.12,2341.68,1951.66,2241.5,116812.93231579
2021-04-19,2242.95,2280.79,2077.42,2163.77,117808.72530712
2021-04-20,2164.37,2349.81,2055.0,2333.71,80163.98445726
2021-04-21,2334.34,2470.53,2238.48,2358.13,78047.22006521
2021-04-22,2362.05,2645.97,2300.0,2400.0,119509.33212062
2021-04-23,2397.88,2442.89,2106.65,2369.77,121136.76750169
2021-04-24,2369.69,2369.97,2157.61,2217.33,33143.537944
2021-04-25,2217.33,2358.0,2166.0,2321.81,80968.35530876
2021-04-26,2323.31,2544.98,2306.75,2534.69,52277.29011902
2021-04-27,2534.92,2683.65,2483.76,2668.89,50882.36346189
2021-04-28,2669.01,2763.75,2561.44,2750.37,73236.3005285
2021-04-29,2751.52,2800.89,2671.33,2758.06,62670.5608645
2021-04-30,2759.56,2802.06,2726.49,2777.11,43230.93528918
2021-05-01,2776.06,2956.0,2758.57,2947.57,35886.12777629
2021-05-02,2949.03,2986.01,2853.0,2951.78,29434.39748166
2021-05-03,2951.93,3457.64,2951.93,3430.16,97660.00808192
2021-05-04,3434.32,3530.0,3167.66,3238.42,148326.4368224
2021-05-05,3241.69,3559.97,3208.19,3528.2,66796.10156661
2021-05-06,3529.26,3610.04,3380.01,3490.33,71338.54359967
2021-05-07,3494.27,3595.0,3355.2,3483.81,59582.60744564
2021-05-08,3486.27,3960.0,3452.75,3915.0,56881.74597262
2021-05-09,3917.16,3985.0,3730.25,3928.05,41074.20848726
2021-05-10,3929.72,4200.0,3655.0,3950.36,115137.10554251
2021-05-11,3947.86,4185.0,3775.74,4179.47,72837.01667581
2021-05-12,4180.12,4380.64,3750.0,3810.19,120423.3081053
2021-05-13,3802.47,4040.65,3543.62,3720.21,94101.673145
2021-05-14,3717.15,4178.11,3693.0,4080.31,54423.32932063
2021-05-15,4079.79,4135.74,3629.61,3646.01,44467.01917494
2021-05-16,3647.66,3881.2,3340.99,3585.36,64910.57821939
2021-05-17,3582.29,3590.32,3117.09,3281.32,109417.09776892
2021-05-18,3284.54,3570.48,3243.71,3380.57,74068.32228574
2021-05-19,3379.1,3441.5,1850.0,2446.91,296372.55485699
2021-05-20,2446.91,3000.0,2160.0,2774.37,145982.44392811
2021-05-21,2773.8,2944.36,2102.86,2436.11,120690.05649731
2021-05-22,2433.97,2489.23,2157.72,2296.31,69652.03985469
2021-05-23,2291.91,2381.42,1730.0,2098.33,127803.34857072
2021-05-24,2101.62,2678.99,2084.57,2651.7,110531.27367328
2021-05-25,2650.14,2788.0,2386.0,2704.31,82662.46400415
2021-05-26,2713.41,2915.31,2646.36,2889.65,54843.01709403
2021-05-27,2890.39,2892.98,2642.17,2741.07,48572.2880462
2021-05-28,2733.35,2763.64,2327.0,2413.17,77976.53011364
2021-05-29,2410.56,2576.7,2207.96,2279.59,85288.45133274
2021-05-30,2280.8,2478.83,2182.89,2389.91,48486.58242126
2021-05-31,2383.08,2722.0,2275.0,2707.27,65289.0151034
2021-06-01,2705.72,2743.24,2527.04,2634.3,57559.94638485
2021-06-02,2634.86,2802.0,2552.45,2707.66,34892.24062169
2021-06-03,2702.59,2890.6,2663.49,2856.41,40107.34151395
2021-06-04,2858.33,2858.33,2550.13,2691.14,35985.5517998
2021-06-05,2690.92,2819.09,2552.89,2629.4,33292.65080334
2021-06-06,2627.77,2747.09,2615.55,2710.48,23613.63319661
2021-06-07,2711.66,2850.0,2574.59,2593.47,41123.57122212
2021-06-08,2592.52,2623.47,2306.02,2508.85,84384.40706608
2021-06-09,2508.43,2630.0,2407.9,2612.13,59184.08524008
2021-06-10,2611.71,2625.0,2427.88,2472.27,37882.57541489
2021-06-11,2470.77,2499.73,2321.6,2353.1,34616.81076319
2021-06-12,2354.64,2453.57,2252.58,2367.0,28249.5433153
2021-06-13,2374.04,2548.6,2307.9,2510.53,36178.62228581
2021-06-14,2511.66,2609.28,2461.67,2583.06,34258.41752039
2021-06-15,2581.67,2641.49,2505.27,2544.58,19815.98859474
2021-06-16,2542.61,2555.06,2350.62,2366.56,32802.91071184
2021-06-17,2365.7,2461.51,2305.0,2371.13,58636.73626788
2021-06-18,2373.8,2377.13,2139.49,2227.29,32333.92616276
2021-06-19,2231.94,2278.4,2161.46,2165.0,19272.60685694
2021-06-20,2167.43,2277.3,2040.91,2242.6,29174.43589279
2021-06-21,2244.46,2258.06,1864.79,1887.63,89431.74500832
2021-06-22,1887.34,1997.0,1700.0,1880.79,89264.64244197
2021-06-23,1879.95,2044.62,1823.92,1968.7,58577.6884456
2021-06-24,1968.3,2036.72,1884.1,1989.63,51434.49602856
2021-06-25,1989.78,2020.03,1791.48,1810.88,61519.9304785
2021-06-26,1809.9,1852.43,1717.17,1831.03,32140.3128202
2021-06-27,1828.73,1985.32,1806.85,1983.22,50563.46120942
2021-06-28,1984.3,2145.0,1962.08,2082.46,54038.39387571
2021-06-29,2084.17,2247.0,2074.57,2162.5,24375.35452208
2021-06-30,2163.93,2289.4,2088.5,2276.34,28892.51290189
2021-07-01,2277.34,2277.34,2065.77,2107.77,61697.67783757
2021-07-02,2106.91,2160.28,2017.7,2155.07,18594.84391167
2021-07-03,2157.54,2240.77,2113.57,2227.69,27644.99821069
2021-07-04,2226.91,2389.0,2190.76,2324.49,27148.07903976
2021-07-05,2321.98,2323.45,2159.08,2199.0,16729.89935635
2021-07-06,2196.06,2351.19,2195.95,2323.16,19928.10013108
2021-07-07,2321.04,2410.0,2294.17,2312.92,16651.74676281
2021-07-08,2310.25,2324.74,2084.01,2114.79,53799.96747791
2021-07-09,2114.66,2187.96,2050.0,2146.58,26453.51274854
2021-07-10,2147.71,2192.98,2075.0,2109.76,13779.07649688
2021-07-11,2114.05,2174.11,2081.12,2138.96,14253.5551436
2021-07-12,2140.43,2168.82,2005.98,2034.88,26060.03596589
2021-07-13,2032.41,2046.71,1917.0,1940.15,22621.21878961
2021-07-14,1942.15,2020.06,1865.01,1993.91,24409.73600104
2021-07-15,1993.6,2040.4,1880.77,1915.93,22646.34478365
2021-07-16,1921.26,1965.84,1848.13,1876.66,13497.15215792
2021-07-17,1876.1,1918.98,1845.13,1898.48,8351.41316278
2021-07-18,1900.83,1994.0,1877.92,1890.99,31458.20797427
2021-07-19,1886.86,1918.87,1805.0,1817.29,21444.93668991
2021-07-20,1818.35,1840.74,1717.17,1786.54,22905.23484027
2021-07-21,1788.25,2034.0,1752.0,1995.5,43597.24024402
2021-07-22,1994.08,2046.83,1948.19,2023.0,32572.01894305
2021-07-23,2026.56,2132.81,1997.16,2126.2,41166.85655321
2021-07-24,2127.16,2200.11,2107.2,2185.86,31094.43912462
2021-07-25,2186.86,2199.49,2108.0,2194.0,19955.29096847
2021-07-26,2192.07,2435.01,2175.57,2228.0,58867.0559642
2021-07-27,2226.89,2321.8,2150.62,2304.62,33758.19651174
2021-07-28,2299.76,2347.15,2244.81,2299.52,33002.47291685
2021-07-29,2299.26,2404.08,2266.51,2383.89,16193.05534582
2021-07-30,2384.16,2473.38,2316.91,2464.18,28684.92554504
2021-07-31,2465.16,2555.0,2422.78,2525.76,16681.72420495
2021-08-01,2534.03,2699.0,2512.8,2556.3,30046.3884218
2021-08-02,2556.17,2665.99,2506.89,2608.07,62689.76296959
2021-08-03,2605.69,2630.02,2442.58,2508.04,47814.05946286
2021-08-04,2508.31,2775.0,2457.92,2725.34,35298.26581396
2021-08-05,2725.0,2845.0,2530.7,2830.09,59817.44387229
2021-08-06,2830.28,2950.16,2721.4,2892.51,42441.25502101
2021-08-07,2892.97,3174.16,2868.21,3162.81,61298.40643221
2021-08-08,3163.73,3190.0,2948.16,3015.33,35067.99007194
2021-08-09,3016.27,3191.43,2893.21,3167.0,58649.17163341
2021-08-10,3167.0,3235.0,3050.0,3141.68,62559.00520929
2021-08-11,3141.5,3279.88,3121.86,3161.79,42964.57202773
2021-08-12,3160.51,3240.0,2978.57,3044.74,62010.65214099
2021-08-13,3048.16,3330.08,3035.56,3324.52,69768.36897722
2021-08-14,3325.99,3333.33,3207.05,3267.79,15912.95409833
2021-08-15,3266.98,3324.53,3112.79,3311.44,48177.33312548
2021-08-16,3312.52,3340.06,3133.12,3146.83,35600.39683955
2021-08-17,3145.0,3293.72,2991.62,3011.95,40559.79078982
2021-08-18,3013.81,3127.39,2951.97,3014.15,22742.66510794
2021-08-19,3017.87,3189.41,2957.95,3185.18,29868.35300495
2021-08-20,3184.76,3305.09,3179.87,3285.64,42648.69027447
2021-08-21,3283.54,3312.53,3209.15,3226.15,14103.88537984
2021-08-22,3226.23,3276.43,3130.0,3241.55,12365.33086429
2021-08-23,3242.33,3381.44,3234.12,3317.25,29497.49181192
2021-08-24,3326.21,3361.13,3145.17,3175.68,23329.90075176
2021-08-25,3174.2,3249.99,3077.81,3230.85,19053.49252198
2021-08-26,3226.98,3256.02,3055.0,3093.48,36680.91546467
2021-08-27,3094.09,3283.47,3062.0,3276.68,34458.87413658
2021-08-28,3271.67,3288.71,3211.06,3245.0,11899.0872819
2021-08-29,3248.07,3288.0,3152.19,3225.34,5955.12459745
2021-08-30,3225.09,3350.0,3144.44,3226.49,29991.18295265
2021-08-31,3230.16,3475.0,3189.92,3432.54,39840.4682084
2021-09-01,3431.39,3848.11,3384.24,3831.7,30850.0014538
2021-09-02,3823.65,3837.2,3723.22,3786.56,17458.22411701
2021-09-03,3792.83,4025.0,3708.89,3938.74,24675.33174941
2021-09-04,3937.62,3974.25,3832.02,3887.1,8918.8347065
2021-09-05,3889.6,3984.34,3835.0,3951.48,10913.21594416
2021-09-06,3952.95,3973.53,3866.62,3928.29,11349.557157
2021-09-07,3928.46,3949.0,3015.0,3429.61,86004.06932253
2021-09-08,3435.74,3560.51,3216.0,3492.64,34645.05033853
2021-09-09,3499.63,3568.47,3387.62,3424.01,19599.62956934
2021-09-10,3421.44,3511.69,3146.15,3209.71,31711.17037239
2021-09-11,3208.57,3346.58,3202.94,3266.98,10545.99212411
2021-09-12,3265.61,3472.93,3232.76,3406.08,11826.55588036
2021-09-13,3401.64,3429.39,3111.72,3281.62,29999.77812738
2021-09-14,3286.33,3437.0,3271.32,3437.0,20109.68062981
2021-09-15,3437.73,3619.4,3360.0,3615.24,14603.01485019
2021-09-16,3619.4,3677.0,3485.19,3571.25,24683.64951707
2021-09-17,3572.28,3592.88,3350.0,3398.9,40836.33920742
2021-09-18,3400.45,3545.7,3370.05,3435.78,33635.53668
2021-09-19,3433.47,3457.89,3280.36,3328.81,14845.79007061
2021-09-20,3334.57,3347.2,2912.28,2977.58,74538.7053961
2021-09-21,2972.88,3103.46,2650.0,2765.88,79943.51517538
2021-09-22,2764.26,3093.41,2737.79,3079.09,22967.01681598
2021-09-23,3075.98,3175.45,3035.85,3154.03,16825.56510661
2021-09-24,3156.72,3160.48,2731.3,2929.3,45129.10445943
2021-09-25,2929.78,2969.63,2805.0,2925.75,20319.23831938
2021-09-26,2925.81,3116.31,2740.62,3064.32,27221.76237745
2021-09-27,3058.18,3167.31,2923.93,2923.93,31751.79700502
2021-09-28,2924.37,2970.6,2789.55,2807.46,25028.08328499
2021-09-29,2806.24,2950.26,2782.48,2851.4,32222.27687717
2021-09-30,2849.43,3049.24,2838.1,3000.59,23002.61388777
2021-10-01,3000.78,3333.0,2968.97,3311.72,49854.36567897
2021-10-02,3311.61,3470.0,3262.0,3391.71,22276.68810358
2021-10-03,3388.58,3491.0,3343.63,3417.43,13045.9904754
2021-10-04,3419.76,3440.38,3272.0,3383.88,20584.18093893
2021-10-05,3389.04,3548.19,3364.77,3516.09,20181.62075484
2021-10-06,3515.79,3630.63,3336.09,3576.54,39445.6957661
2021-10-07,3575.89,3654.26,3470.01,3587.91,13781.66857762
2021-10-08,3588.77,3674.93,3525.01,3563.15,14121.80445315
2021-10-09,3564.65,3636.76,3538.25,3574.03,4058.11599377
2021-10-10,3572.93,3604.99,3389.6,3422.0,10925.40685912
2021-10-11,3415.01,3623.71,3370.01,3543.94,12867.47668366
2021-10-12,3540.27,3549.26,3404.33,3490.18,30796.93392513
2021-10-13,3490.95,3613.86,3411.71,3609.35,16069.46073728
2021-10-14,3609.6,3825.89,3589.9,3790.53,34263.77186335
2021-10-15,3792.25,3904.87,3735.61,3868.99,25266.77915585
2021-10-16,3869.68,3971.8,3792.56,3829.26,25412.05943583
2021-10-17,3828.09,3920.0,3638.59,3844.97,21126.11291104
2021-10-18,3845.78,3894.56,3675.4,3744.75,36257.82379134
2021-10-19,3749.4,3888.34,3732.47,3878.13,18164.5427115
2021-10-20,3877.89,4170.0,3829.54,4163.58,21436.07726164
2021-10-21,4164.59,4375.0,3800.0,4055.82,38979.39129362
2021-10-22,4055.46,4170.05,3886.0,3970.42,29634.57535772
2021-10-23,3971.24,4177.17,3935.32,4172.37,12673.39646137
2021-10-24,4169.62,4186.38,3964.0,4082.17,6968.46745637
2021-10-25,4089.21,4236.83,4069.35,4220.89,16592.16979614
2021-10-26,4222.48,4297.0,4086.62,4131.91,11765.55931136
2021-10-27,4131.58,4332.29,3912.41,3923.22,28262.4705111
2021-10-28,3925.36,4297.68,3893.16,4289.81,24796.74293611
2021-10-29,4289.75,4460.0,4267.98,4417.0,28636.6006466
2021-10-30,4423.09,4435.03,4233.31,4323.27,11608.82109171
2021-10-31,4329.0,4397.95,4168.0,4288.58,10781.28188623
2021-11-01,4292.76,4383.95,4150.0,4323.95,16947.31847068
2021-11-02,4323.06,4600.0,4288.52,4595.58,26443.16382493
2021-11-03,4594.99,4670.81,4455.72,4606.95,20759.36404323
2021-11-04,4605.54,4609.66,4421.72,4538.2,12328.02402689
2021-11-05,4537.48,4575.1,4446.47,4480.0,9539.81516517
2021-11-06,4471.18,4532.76,4329.72,4522.65,7683.8595728
2021-11-07,4519.87,4640.0,4507.55,4617.75,8450.58151851
2021-11-08,4617.62,4824.99,4617.56,4811.59,18808.81247314
2021-11-09,4806.79,4842.65,4712.4,4733.09,19207.51280091
2021-11-10,4733.09,4868.79,4452.86,4634.19,26205.78762399
2021-11-11,4631.42,4783.27,4580.0,4723.51,18555.9336368
2021-11-12,4719.61,4810.93,4510.01,4673.95,14220.48224309
2021-11-13,4669.06,4707.42,4586.9,4646.02,7134.54508534
2021-11-14,4645.58,4694.49,4517.91,4630.85,14195.62760862
2021-11-15,4634.5,4771.23,4540.87,4562.3,24730.82637861
2021-11-16,4560.0,4560.0,4106.14,4209.77,41910.83404383
2021-11-17,4208.77,4301.15,4065.0,4291.83,17048.1512748
2021-11-18,4290.66,4347.18,3958.67,3999.76,44371.48336978
2021-11-19,3999.44,4314.14,3975.55,4300.36,44830.54185962
2021-11-20,4302.95,4439.92,4205.87,4415.51,8929.16457495
2021-11-21,4415.06,4441.0,4247.08,4265.94,5343.96313025
2021-11-22,4264.08,4322.44,4024.03,4094.09,29628.43394969
2021-11-23,4089.12,4390.82,4063.68,4342.53,29680.93324532
2021-11-24,4345.49,4374.89,4166.12,4270.67,13289.92855615
2021-11-25,4271.53,4556.42,4251.88,4525.78,10134.06504526
2021-11-26,4528.17,4555.25,3917.0,4045.9,36211.3419067
2021-11-27,4044.64,4186.07,4031.94,4100.3,9399.45915643
2021-11-28,4099.3,4302.03,3965.01,4300.86,13333.77599878
2021-11-29,4302.0,4463.43,4280.57,4448.71,15407.04789731
2021-11-30,4449.57,4757.8,4350.0,4630.88,53996.46762082
2021-12-01,4625.07,4784.0,4525.31,4587.58,35230.738646
2021-12-02,4587.72,4638.7,4435.0,4516.03,19141.4870112
2021-12-03,4515.97,4660.81,4039.0,4222.8,29029.99814945
2021-12-04,4219.57,4242.14,3470.02,4124.51,55450.38539722
2021-12-05,4127.42,4258.0,4036.12,4198.73,20058.71141776
2021-12-06,4202.73,4382.02,3922.8,4357.06,51987.00051643
2021-12-07,4356.95,4431.28,4256.06,4311.66,15870.26106595
2021-12-08,4313.54,4457.43,4226.05,4442.56,11704.28066716
2021-12-09,4443.93,4491.99,4073.42,4105.61,16798.75151737
2021-12-10,4106.71,4234.0,3885.05,3901.67,24219.7676061
2021-12-11,3895.01,4098.07,3833.66,4089.22,8778.17998493
2021-12-12,4095.23,4177.62,3987.85,4136.06,6795.05903098
2021-12-13,4130.46,4144.01,3669.48,3786.59,21135.23921476
2021-12-14,3785.56,3884.2,3686.66,3862.68,11516.07278472
2021-12-15,3859.68,4094.78,3640.6,4020.51,33173.40608857
2021-12-16,4020.63,4117.4,3952.93,3955.08,16395.42037346
2021-12-17,3957.0,3994.99,3695.19,3877.3,35047.53813234
2021-12-18,3878.48,3999.0,3768.85,3961.56,19864.71782747
2021-12-19,3957.08,4030.11,3883.44,3922.28,8466.23956639
2021-12-20,3927.07,3983.23,3755.0,3946.12,16426.6042467
2021-12-21,3949.91,4064.01,3915.94,4018.39,13607.41178651
2021-12-22,4017.87,4076.0,3930.0,3981.73,9073.77440969
2021-12-23,3982.7,4155.0,3895.91,4113.76,13186.81833363
2021-12-24,4116.4,4137.85,4020.0,4049.93,6839.92964321
2021-12-25,4052.45,4140.0,4023.07,4099.24,3850.63153297
2021-12-26,4098.62,4106.84,4002.97,4062.58,3919.40048497
2021-12-27,4066.11,4128.82,4034.7,4037.4,7085.44843618
2021-12-28,4040.2,4040.2,3760.0,3793.08,21755.65390403
2021-12-29,3791.13,3827.86,3603.86,3627.68,14161.77245817
2021-12-30,3630.25,3769.81,3585.0,3711.82,16312.69911217
2021-12-31,3706.57,3815.62,3620.66,3677.0,27800.11243028
2022-01-01,3678.39,3777.73,3676.5,3768.13,5975.18773069
2022-01-02,3769.81,3858.28,3718.86,3830.84,9687.57504081
2022-01-03,3827.03,3853.67,3681.14,3764.9,11589.13312508
2022-01-04,3770.63,3892.36,3715.02,3786.64,11484.16186271
2022-01-05,3786.66,3837.01,3410.22,3538.66,24981.41166881
2022-01-06,3537.82,3549.04,3299.0,3408.35,28217.09403574
2022-01-07,3407.72,3415.27,3060.93,3196.03,22053.77113038
2022-01-08,3205.63,3247.97,2987.6,3081.09,13925.9047546
2022-01-09,3081.16,3212.5,3058.76,3151.58,8928.99532469
2022-01-10,3151.66,3180.69,2926.0,3083.16,19337.2428465
2022-01-11,3084.94,3267.67,3052.28,3242.74,16990.21747956
2022-01-12,3241.32,3413.09,3208.02,3374.65,20223.03469614
2022-01-13,3372.33,3412.76,3230.7,3241.82,21742.71683507
2022-01-14,3241.82,3344.31,3188.89,3308.82,13612.5691155
2022-01-15,3311.54,3374.83,3262.94,3329.71,7400.8619025
2022-01-16,3328.95,3393.66,3274.92,3350.15,8990.62621799
2022-01-17,3350.15,3360.29,3142.68,3211.22,23755.91908362
2022-01-18,3214.3,3244.27,3083.63,3163.04,20218.87141465
2022-01-19,3163.04,3173.91,3046.75,3083.12,12868.0892495
2022-01-20,3092.76,3272.37,2974.09,2999.53,29034.78537625
2022-01-21,2999.53,3034.02,2466.15,2568.58,49694.99979282
2022-01-22,2567.51,2626.0,2300.0,2412.04,35399.47479439
2022-01-23,2413.97,2550.0,2371.79,2543.27,15002.84234763
2022-01-24,2543.1,2543.1,2160.0,2443.43,48726.78245549
2022-01-25,2444.36,2511.19,2350.0,2459.84,19401.77528355
2022-01-26,2461.8,2725.6,2402.72,2463.78,38043.57448489
2022-01-27,2464.37,2525.1,2317.0,2425.24,26049.11964842
2022-01-28,2427.01,2559.84,2360.0,2547.4,29752.9056647
2022-01-29,2546.5,2637.17,2522.72,2603.89,13387.17825398
2022-01-30,2600.4,2640.26,2543.64,2602.37,8359.75975147
2022-01-31,2604.38,2708.16,2479.78,2688.91,27255.62947468
2022-02-01,2689.43,2815.0,2676.98,2791.04,29375.25297872
2022-02-02,2792.71,2812.44,2608.78,2682.3,20322.41165426
2022-02-03,2678.82,2728.31,2570.21,2697.56,19493.76224303
2022-02-04,2698.74,2997.77,2674.54,2997.77,25109.27664221
2022-02-05,2998.75,3064.96,2961.48,3016.45,13028.5285451
2022-02-06,3016.4,3076.0,2952.99,3058.17,4706.0359775
2022-02-07,3058.16,3190.0,2995.0,3142.24,19172.16415428
2022-02-08,3147.57,3235.52,3028.43,3120.91,16399.96955236
2022-02-09,3120.86,3275.14,3057.69,3247.46,16009.6768695
2022-02-10,3249.0,3284.64,3058.91,3076.07,26006.96918756
2022-02-11,3074.53,3140.59,2878.78,2928.66,16820.17277855
2022-02-12,2927.29,2988.06,2858.16,2916.9,6518.59899437
2022-02-13,2917.41,2955.58,2836.0,2872.78,5707.29566881
2022-02-14,2872.18,2966.47,2830.15,2936.13,12189.65765137
2022-02-15,2934.69,3199.05,2914.25,3187.28,28630.35340211
2022-02-16,3187.28,3191.52,3045.86,3123.24,11765.2197986
2022-02-17,3127.88,3163.98,2854.15,2899.88,21186.37479122
2022-02-18,2894.55,2946.7,2753.17,2782.72,34684.27117359
2022-02-19,2779.27,2830.89,2696.0,2764.6,7089.62531228
2022-02-20,2762.62,2764.6,2575.49,2620.8,11499.53724589
2022-02-21,2623.3,2762.76,2560.59,2571.59,21536.09344731
2022-02-22,2570.0,2667.39,2501.0,2638.75,15149.1337729
2022-02-23,2638.87,2755.32,2577.06,2579.62,13939.96075423
2022-02-24,2581.37,2735.01,2300.0,2599.04,39181.90402477
2022-02-25,2599.04,2837.68,2574.0,2769.95,17754.90675773
2022-02-26,2769.53,2882.26,2728.58,2779.62,8419.11333047
2022-02-27,2779.16,2835.73,2558.9,2617.97,12055.16790421
2022-02-28,2618.95,2956.09,2570.0,2925.52,16924.55347083
2022-03-01,2925.09,3039.78,2853.08,2976.32,13811.1505991
2022-03-02,2974.33,3045.71,2914.87,2950.57,14680.61776973
2022-03-03,2947.39,2970.29,2784.54,2834.57,9554.79039369
2022-03-04,2834.8,2836.47,2577.09,2622.44,14235.10535549
2022-03-05,2623.89,2686.64,2590.0,2666.4,4843.90625376
2022-03-06,2664.06,2675.07,2533.06,2549.4,3970.56937266
2022-03-07,2549.94,2648.39,2444.75,2493.23,13889.18432263
2022-03-08,2492.12,2624.56,2481.11,2577.82,10303.63259046
2022-03-09,2577.72,2774.64,2568.16,2728.45,10501.48617033
2022-03-10,2730.64,2733.75,2546.81,2609.54,10083.69087788
2022-03-11,2607.17,2678.28,2524.21,2557.64,8977.83589934
2022-03-12,2556.45,2614.7,2554.38,2569.16,2346.5075185
2022-03-13,2567.76,2602.59,2493.0,2516.85,3941.74801288
2022-03-14,2517.1,2609.41,2499.8,2590.89,6213.18504346
2022-03-15,2591.15,2670.41,2511.61,2619.62,14309.61823381
2022-03-16,2619.59,2791.0,2574.89,2775.55,23117.46528218
2022-03-17,2775.55,2840.49,2744.06,2815.51,13828.95676833
2022-03-18,2813.64,2987.47,2766.45,2940.06,18897.7757842
2022-03-19,2941.39,2986.98,2888.88,2949.68,11236.69317914
2022-03-20,2953.58,2964.99,2817.65,2859.93,5255.80256069
2022-03-21,2858.66,2962.79,2833.3,2895.38,13092.05410001
2022-03-22,2889.28,3052.78,2887.67,2971.39,14442.09549446
2022-03-23,2970.37,3047.06,2921.79,3037.54,5774.12385263
2022-03-24,3038.0,3130.0,3003.75,3112.23,16006.07085059
2022-03-25,3113.66,3195.49,3078.33,3106.13,15288.1085926
2022-03-26,3106.32,3154.76,3087.2,3147.22,2430.50483641
2022-03-27,3148.74,3300.0,3128.87,3298.06,5159.69663227
2022-03-28,3294.52,3436.32,3275.87,3334.5,22451.34703461
2022-03-29,3335.33,3483.98,3332.98,3401.94,11511.0119023
2022-03-30,3401.8,3448.63,3335.0,3386.7,6077.7600162
2022-03-31,3387.15,3446.31,3262.29,3281.76,13471.73018123
2022-04-01,3284.4,3482.0,3210.91,3457.98,15345.43386474
2022-04-02,3457.58,3532.32,3429.24,3443.62,5031.72054544
2022-04-03,3446.53,3582.16,3413.65,3520.35,4060.25383044
2022-04-04,3519.65,3548.29,3408.39,3522.06,8860.55759263
2022-04-05,3519.48,3553.15,3384.59,3405.72,8584.60627068
2022-04-06,3406.11,3406.11,3163.21,3168.93,23945.51114336
2022-04-07,3167.97,3270.97,3142.73,3229.91,9793.38566071
2022-04-08,3227.17,3314.13,3174.88,3193.19,7356.72076341
2022-04-09,3193.49,3269.86,3182.73,3260.27,2397.90614447
2022-04-10,3262.26,3308.51,3193.91,3202.37,2912.09222468
2022-04-11,3203.04,3215.21,2947.91,2979.58,30234.55466683
2022-04-12,2984.4,3090.0,2951.48,3029.73,18256.32719419
2022-04-13,3029.73,3130.0,2996.7,3117.99,9616.40797105
2022-04-14,3119.54,3145.02,2977.0,3022.26,8983.54289215
2022-04-15,3021.27,3061.23,2996.0,3041.54,3030.31444192
2022-04-16,3041.8,3083.37,3005.41,3060.95,1617.19539277
2022-04-17,3060.69,3082.28,2984.18,2988.57,2611.44294124
2022-04-18,2988.99,3070.93,2883.77,3057.57,11768.57984845
2022-04-19,3056.9,3131.21,3030.8,3102.66,10904.79614844
2022-04-20,3103.04,3168.41,3036.96,3077.49,10923.1042458
2022-04-21,3076.33,3180.21,2944.3,2984.82,10254.21310198
2022-04-22,2985.05,3033.26,2933.39,2963.42,12445.25917935
2022-04-23,2963.42,2978.66,2917.0,2933.34,3170.66867942
2022-04-24,2933.34,2967.2,2912.44,2922.49,2835.06068954
2022-04-25,2920.97,3025.99,2798.1,3005.7,16995.83131941
2022-04-26,3008.96,3036.92,2762.8,2811.08,18036.1726905
2022-04-27,2810.63,2920.23,2795.39,2890.68,16456.50114842
2022-04-28,2890.68,2981.07,2855.36,2937.5,9365.11203598
2022-04-29,2937.5,2946.84,2775.74,2818.05,14219.34360368
2022-04-30,2818.18,2841.87,2716.76,2728.08,3278.83996445
2022-05-01,2728.08,2847.66,2718.2,2826.82,5271.11168799
2022-05-02,2826.79,2882.73,2778.77,2856.35,8683.31864475
2022-05-03,2858.08,2862.02,2754.08,2780.17,5958.84558506
2022-05-04,2780.74,2967.49,2771.0,2939.83,10357.69377848
2022-05-05,2939.71,2953.84,2688.0,2747.44,15682.91498993
2022-05-06,2747.44,2756.76,2630.3,2693.1,9405.53243758
2022-05-07,2693.18,2701.76,2585.82,2635.9,4938.82294544
2022-05-08,2634.57,2640.03,2485.0,2522.67,10778.25941891
2022-05-09,2520.25,2528.99,2223.12,2232.06,35214.91817923
2022-05-10,2230.99,2456.66,2198.78,2342.12,39127.11660953
2022-05-11,2340.97,2450.0,1997.73,2075.77,49199.46893931
2022-05-12,2082.43,2182.58,1700.0,1950.45,52487.44097612
2022-05-13,1950.99,2145.21,1936.34,2007.45,27035.66717454
2022-05-14,2006.65,2065.95,1947.47,2054.23,6805.44865564
2022-05-15,2053.91,2165.49,1998.13,2143.09,6141.1475447
2022-05-16,2143.73,2143.73,1976.7,2020.84,17248.38334323
2022-05-17,2021.27,2120.94,2006.0,2089.36,15434.26238759
2022-05-18,2089.57,2108.09,1906.73,1911.22,13161.42818069
2022-05-19,1912.77,2037.78,1901.17,2017.85,13559.48203222
2022-05-20,2018.14,2062.65,1920.93,1957.09,10552.41950748
2022-05-21,1956.99,1988.23,1935.26,1973.24,3795.08159565
2022-05-22,1974.05,2053.71,1964.06,2040.72,7035.58799829
2022-05-23,2039.93,2085.0,1956.04,1971.35,13168.24937626
2022-05-24,1972.87,1991.58,1910.8,1978.13,7075.63811297
2022-05-25,1976.38,2019.63,1932.03,1941.5,8125.12405006
2022-05-26,1941.11,1964.06,1735.0,1791.38,20385.03027206
2022-05-27,1789.97,1819.49,1700.81,1722.9,26445.24582329
2022-05-28,1728.25,1806.82,1719.97,1790.98,9538.21631437
2022-05-29,1790.98,1825.0,1761.71,1811.84,9402.96900193
2022-05-30,1811.57,2011.54,1801.67,1996.74,20104.33371762
2022-05-31,1996.82,2015.24,1924.04,1940.55,15807.47970713
2022-06-01,1940.91,1970.79,1759.79,1817.05,12804.09709548
2022-06-02,1816.03,1851.7,1780.61,1832.68,12409.75467616
2022-06-03,1833.5,1842.87,1735.0,1773.9,9805.65107146
2022-06-04,1774.1,1814.02,1747.07,1803.2,4335.0350159
2022-06-05,1804.26,1828.88,1773.67,1804.98,5634.30982927
2022-06-06,1804.0,1917.63,1804.0,1859.06,18093.28517259
2022-06-07,1858.9,1874.03,1725.21,1812.24,15694.77140392
2022-06-08,1812.87,1837.9,1764.91,1790.41,10775.92263494
2022-06-09,1791.27,1831.35,1776.0,1787.13,7325.87976656
2022-06-10,1785.89,1803.14,1654.0,1660.55,17251.25814223
2022-06-11,1660.71,1680.33,1500.0,1530.3,24715.6042745
2022-06-12,1532.19,1543.02,1422.67,1432.9,22429.33907164
2022-06-13,1433.85,1453.12,1164.35,1208.7,102183.31659192
2022-06-14,1204.6,1266.25,1075.0,1205.58,76463.67106998
2022-06-15,1205.73,1246.3,1013.0,1237.23,71923.37452926
2022-06-16,1235.99,1255.55,1050.63,1067.6,24656.25250981
2022-06-17,1067.78,1115.88,1050.0,1084.42,15789.40989593
2022-06-18,1085.83,1096.43,880.0,996.28,65086.39235373
2022-06-19,994.63,1158.04,935.49,1127.33,31252.83683911
2022-06-20,1127.77,1169.5,1050.89,1127.51,22559.08288054
2022-06-21,1127.11,1193.0,1108.76,1124.54,40008.48119853
2022-06-22,1125.21,1128.46,1041.45,1048.32,21824.88039107
2022-06-23,1048.7,1153.48,1044.25,1143.97,20713.01584057
2022-06-24,1144.11,1244.27,1131.49,1224.72,17869.43343402
2022-06-25,1225.65,1255.79,1178.96,1241.83,14071.38203221
2022-06-26,1241.4,1281.43,1193.39,1197.95,11724.42849267
2022-06-27,1197.58,1237.91,1172.03,1190.21,8900.90622675
2022-06-28,1191.1,1236.88,1134.71,1142.52,40415.77258055
2022-06-29,1141.98,1154.28,1086.52,1098.46,12120.27888895
2022-06-30,1099.28,1105.05,996.12,1071.13,41086.85880311
2022-07-01,1070.1,1115.22,1032.63,1058.29,16675.42061468
2022-07-02,1058.83,1077.19,1026.52,1065.56,6049.7005739
2022-07-03,1065.62,1086.37,1039.16,1073.25,5743.75364934
2022-07-04,1073.68,1159.07,1044.17,1149.57,9859.34992278
2022-07-05,1150.12,1175.0,1075.0,1132.34,35244.61209124
2022-07-06,1131.94,1203.0,1110.55,1186.01,27725.68285363
2022-07-07,1186.01,1253.64,1162.94,1237.64,17966.2317718
2022-07-08,1237.74,1275.04,1192.27,1213.61,18302.55295108
2022-07-09,1212.94,1234.43,1203.81,1216.49,3288.6295416
2022-07-10,1216.84,1218.33,1152.24,1166.53,4367.46345671
2022-07-11,1166.35,1170.52,1091.1,1095.64,27224.61870487
2022-07-12,1095.75,1097.24,1032.93,1035.59,30451.23254013
2022-07-13,1037.83,1118.73,1005.27,1115.01,22690.7278007
2022-07-14,1112.58,1212.64,1068.04,1192.47,16453.16027375
2022-07-15,1191.54,1287.79,1180.81,1231.62,15775.45935646
2022-07-16,1231.1,1426.78,1192.01,1356.99,19301.64448135
2022-07-17,1356.79,1386.1,1316.61,1338.69,20729.70058607
2022-07-18,1339.14,1597.77,1336.6,1581.15,41277.01189292
2022-07-19,1581.15,1631.72,1493.15,1542.99,35074.23712232
2022-07-20,1544.5,1621.03,1480.57,1522.15,23907.71497205
2022-07-21,1521.38,1605.28,1464.0,1576.39,18161.61953754
2022-07-22,1574.81,1646.47,1517.0,1535.47,20125.33007451
2022-07-23,1536.16,1597.19,1488.18,1549.51,6486.61873583
2022-07-24,1549.71,1663.65,1546.5,1598.94,15250.19100266
2022-07-25,1599.39,1608.32,1434.96,1440.56,22613.0922585
2022-07-26,1442.19,1454.91,1356.0,1449.84,19656.67919306
2022-07-27,1450.82,1643.47,1421.34,1637.6,22997.74295611
2022-07-28,1638.58,1785.52,1594.8,1725.56,44182.97787045
2022-07-29,1727.0,1766.14,1657.51,1723.62,24698.73587594
2022-07-30,1722.81,1744.46,1672.58,1697.49,10917.79248363
2022-07-31,1698.53,1755.01,1667.0,1680.11,6818.80290676
2022-08-01,1679.38,1705.48,1605.13,1631.7,13159.28292847
2022-08-02,1631.67,1678.73,1560.0,1631.24,19117.74216284
2022-08-03,1631.8,1686.51,1590.39,1619.05,10930.48391713
2022-08-04,1618.2,1662.96,1581.7,1606.86,12932.78587741
2022-08-05,1609.55,1742.39,1606.92,1736.95,17897.3973583
2022-08-06,1736.09,1750.86,1685.9,1691.58,7121.86087485
2022-08-07,1690.24,1730.7,1669.98,1700.97,4983.99263133
2022-08-08,1701.26,1818.84,1694.18,1778.43,16289.45866179
2022-08-09,1778.18,1790.77,1669.65,1704.02,11690.11063597
2022-08-10,1703.75,1885.0,1656.03,1854.7,23047.65164492
2022-08-11,1855.1,1943.3,1852.1,1883.0,20216.70131859
2022-08-12,1883.3,1965.0,1853.2,1960.4,10328.13416525
2022-08-13,1959.4,2021.0,1947.5,1984.3,10773.32214477
2022-08-14,1984.3,2031.56,1907.1,1936.8,9303.20212639
2022-08-15,1936.4,2012.8,1873.0,1900.9,16112.26425824
2022-08-16,1897.9,1915.3,1852.8,1879.4,9846.0970091
2022-08-17,1877.8,1957.3,1819.5,1835.0,15282.11198231
2022-08-18,1834.1,1881.1,1823.0,1847.1,7925.27242874
2022-08-19,1847.0,1847.2,1603.7,1609.0,29358.00264023
2022-08-20,1608.6,1655.1,1524.0,1576.2,13771.82923461
2022-08-21,1577.3,1645.6,1562.2,1617.5,9903.33692817
2022-08-22,1618.5,1628.6,1529.4,1625.4,15093.79527338
2022-08-23,1625.0,1673.8,1563.3,1665.4,14722.68839615
2022-08-24,1665.1,1693.2,1605.3,1657.2,10954.16930086
2022-08-25,1657.2,1721.3,1654.6,1697.0,7876.3645968
2022-08-26,1695.3,1705.8,1487.9,1508.8,30178.54778693
2022-08-27,1505.4,1518.8,1447.2,1491.5,8825.55025609
2022-08-28,1490.8,1511.3,1424.5,1425.7,8360.17113577
2022-08-29,1427.1,1560.0,1422.3,1553.9,17108.91424893
2022-08-30,1552.2,1606.0,1472.2,1523.3,24327.77543475
2022-08-31,1526.2,1619.0,1525.7,1554.2,9181.85145127
2022-09-01,1554.9,1599.0,1512.4,1585.6,14235.69908567
2022-09-02,1584.6,1649.1,1546.3,1575.8,11403.01556104
2022-09-03,1575.2,1582.1,1534.8,1557.9,3243.04803979
2022-09-04,1557.0,1582.6,1543.5,1580.0,2143.06275607
2022-09-05,1580.6,1630.6,1557.4,1617.5,10071.87104039
2022-09-06,1618.7,1687.0,1553.6,1557.4,28869.45174938
2022-09-07,1559.5,1656.7,1487.2,1630.3,21944.93221394
2022-09-08,1631.4,1662.9,1591.6,1635.2,20142.06980307
2022-09-09,1636.8,1745.8,1631.2,1719.2,28214.22821096
2022-09-10,1719.9,1789.1,1707.4,1775.4,8587.37245857
2022-09-11,1777.7,1789.4,1720.8,1766.8,12959.03599342
2022-09-12,1766.8,1782.3,1693.1,1717.0,18173.44024173
2022-09-13,1716.7,1759.7,1561.4,1574.7,30114.04514194
2022-09-14,1574.7,1649.2,1550.0,1638.6,18569.28370806
2022-09-15,1638.1,1655.0,1456.2,1472.6,33908.83422231
2022-09-16,1476.1,1483.4,1405.5,1434.7,23930.98903133
2022-09-17,1433.8,1476.0,1409.9,1469.1,11899.29766504
2022-09-18,1469.8,1469.8,1325.6,1334.3,17561.31940548
2022-09-19,1334.0,1392.2,1280.0,1375.9,27003.75228909
2022-09-20,1375.9,1384.0,1313.2,1323.3,19487.90539782
2022-09-21,1322.7,1407.6,1218.8,1247.5,34548.40434248
2022-09-22,1245.0,1349.5,1238.3,1326.2,24660.36741931
2022-09-23,1326.9,1359.9,1262.6,1327.2,29500.72498959
2022-09-24,1327.5,1348.9,1307.3,1317.2,18307.32454562
2022-09-25,1318.5,1336.4,1270.0,1292.6,14560.94760255
2022-09-26,1295.5,1340.2,1278.9,1336.7,39206.82897846
2022-09-27,1335.9,1401.7,1304.4,1327.9,41115.3326164
2022-09-28,1331.0,1355.1,1253.4,1337.2,35772.03504349
2022-09-29,1337.3,1352.1,1288.4,1336.2,16293.37074776
2022-09-30,1336.3,1371.9,1314.7,1328.6,17859.67203144
2022-10-01,1328.4,1333.6,1302.6,1311.9,10044.97629451
2022-10-02,1311.7,1317.5,1269.0,1276.5,8392.80216261
2022-10-03,1277.1,1329.8,1263.5,1323.4,10573.15831666
2022-10-04,1323.9,1370.1,1319.5,1362.1,19296.71923828
2022-10-05,1361.8,1364.8,1317.3,1352.4,15524.63440426
2022-10-06,1352.5,1383.7,1344.9,1352.5,15489.32404103
2022-10-07,1352.1,1361.8,1317.6,1331.5,11346.83141748
2022-10-08,1331.1,1337.5,1304.0,1315.8,4051.09178396
2022-10-09,1314.4,1328.8,1307.8,1323.5,2287.55998099
2022-10-10,1322.9,1338.3,1282.7,1290.2,9834.30336263
2022-10-11,1288.4,1297.9,1267.7,1280.0,13630.5817204
2022-10-12,1280.0,1306.5,1275.7,1294.5,9201.43879718
2022-10-13,1294.3,1301.0,1155.0,1287.6,37440.9047779
2022-10-14,1286.8,1342.9,1284.6,1296.9,18359.04663897
2022-10-15,1296.5,1301.8,1263.8,1275.2,5158.15376491
2022-10-16,1275.1,1314.8,1275.0,1306.1,4502.56229633
2022-10-17,1305.5,1338.7,1296.1,1331.5,8114.17201982
2022-10-18,1331.5,1342.0,1286.8,1311.0,10479.27489047
2022-10-19,1310.8,1313.2,1280.0,1285.2,9189.32421785
2022-10-20,1285.1,1310.0,1271.6,1283.1,11296.06616361
2022-10-21,1282.3,1306.5,1252.8,1300.0,14744.40106527
2022-10-22,1300.0,1320.0,1294.8,1313.9,2568.47706852
2022-10-23,1314.3,1370.9,1299.7,1364.1,9600.7167822
2022-10-24,1364.7,1370.3,1324.5,1343.9,14622.61849582
2022-10-25,1343.8,1525.4,1335.2,1460.2,50817.58435359
2022-10-26,1462.0,1595.0,1458.8,1566.8,43527.39091123
2022-10-27,1565.3,1577.7,1502.3,1514.1,27125.70493701
2022-10-28,1514.3,1575.2,1480.1,1554.9,32632.99075138
2022-10-29,1554.6,1662.8,1548.2,1620.7,23241.20502771
2022-10-30,1620.5,1640.4,1576.8,1589.9,9366.40803445
2022-10-31,1590.8,1635.0,1545.8,1573.4,14954.99082301
2022-11-01,1573.2,1612.1,1563.3,1578.8,18815.98352864
2022-11-02,1580.0,1620.5,1503.2,1518.6,14338.94609207
2022-11-03,1518.4,1558.6,1515.6,1531.1,8278.77860945
2022-11-04,1531.2,1676.8,1528.5,1645.2,24752.99536987
2022-11-05,1645.6,1665.8,1622.0,1627.4,5212.5734099
2022-11-06,1626.4,1639.4,1564.1,1568.4,6448.02704981
2022-11-07,1567.7,1608.5,1547.0,1568.3,12802.91637167
2022-11-08,1568.3,1579.7,1220.0,1334.2,101551.81661404
2022-11-09,1333.2,1336.9,1071.5,1099.7,60900.44049687
2022-11-10,1097.7,1350.0,1082.6,1294.9,27927.90321105
2022-11-11,1294.9,1305.0,1196.7,1284.8,25034.70917623
2022-11-12,1284.8,1288.9,1236.2,1255.2,8584.47236153
2022-11-13,1255.4,1272.0,1200.0,1219.5,18956.58973019
2022-11-14,1221.0,1288.2,1172.1,1241.6,21960.91892367
2022-11-15,1241.7,1291.4,1232.6,1252.3,14153.72033867
2022-11-16,1251.8,1265.8,1186.1,1216.0,24779.08810083
2022-11-17,1216.9,1227.2,1182.2,1200.1,16733.50874709
2022-11-18,1199.0,1233.3,1199.0,1211.8,17335.89378832
2022-11-19,1211.3,1231.5,1198.0,1216.8,4217.84831205
2022-11-20,1216.4,1224.1,1129.2,1141.4,7882.67071236
2022-11-21,1140.8,1145.0,1079.7,1105.6,27492.39415343
2022-11-22,1105.4,1141.4,1074.4,1138.2,10812.60331269
2022-11-23,1138.9,1188.5,1127.2,1183.2,14392.96897772
2022-11-24,1183.0,1215.5,1179.5,1203.2,6702.07537541
2022-11-25,1202.8,1207.3,1170.8,1198.2,6076.21724089
2022-11-26,1198.9,1234.0,1196.3,1204.9,10068.99003442
2022-11-27,1205.2,1222.8,1188.5,1193.1,3374.93772425
2022-11-28,1193.0,1199.0,1149.4,1167.6,12308.46604622
2022-11-29,1167.2,1226.2,1157.2,1215.7,13140.08657956
2022-11-30,1215.6,1310.0,1212.2,1295.1,23571.04601813
2022-12-01,1294.7,1295.9,1263.7,1276.5,8831.67333646
2022-12-02,1276.5,1296.8,1264.9,1296.0,9734.00899066
2022-12-03,1296.3,1306.3,1236.5,1241.3,3015.18242011
2022-12-04,1240.6,1286.2,1240.6,1279.6,3071.66902123
2022-12-05,1278.6,1305.4,1247.8,1259.6,17051.74434406
2022-12-06,1259.6,1274.2,1241.7,1271.4,3630.39646483
2022-12-07,1271.4,1276.9,1219.4,1231.2,10972.02155964
2022-12-08,1231.5,1292.6,1222.7,1280.8,5885.01479884
2022-12-09,1280.0,1296.1,1256.1,1262.9,4275.25100872
2022-12-10,1263.3,1281.3,1260.0,1266.7,1618.31716082
2022-12-11,1266.6,1284.0,1256.8,1263.6,1655.35255363
2022-12-12,1263.2,1279.0,1240.8,1274.7,3835.0149192
2022-12-13,1276.2,1350.0,1255.9,1320.5,16859.46587788
2022-12-14,1320.3,1352.2,1300.2,1307.3,11523.77751725
2022-12-15,1307.5,1311.2,1259.2,1266.4,11072.98523449
2022-12-16,1266.8,1279.5,1156.6,1167.3,19271.27644922
2022-12-17,1166.7,1189.7,1162.3,1187.6,4444.81172238
2022-12-18,1188.0,1196.4,1173.2,1183.1,2510.27386185
2022-12-19,1183.8,1194.8,1150.6,1167.7,7863.30673229
2022-12-20,1167.9,1230.2,1163.4,1216.9,6758.07361073
2022-12-21,1217.1,1221.7,1202.3,1214.0,7046.85752714
2022-12-22,1213.5,1236.6,1182.4,1218.0,8009.92570581
2022-12-23,1218.1,1230.1,1212.6,1220.3,3890.6715321
2022-12-24,1220.3,1227.3,1214.6,1220.5,1638.96217376
2022-12-25,1220.5,1223.7,1196.5,1218.1,2559.44728742
2022-12-26,1218.5,1230.8,1211.6,1227.7,2955.23185442
2022-12-27,1228.0,1233.6,1200.8,1211.0,4664.67941047
2022-12-28,1211.2,1215.2,1181.9,1189.5,7073.34779884
2022-12-29,1189.7,1205.6,1186.2,1200.2,4093.85192349
2022-12-30,1200.2,1201.7,1181.1,1199.3,5199.06911982
2022-12-31,1199.3,1207.6,1191.6,1195.1,2278.59932073
2023-01-01,1195.2,1203.5,1191.1,1200.0,1443.62405065
2023-01-02,1200.2,1222.9,1193.0,1214.5,8513.89427594
2023-01-03,1214.5,1219.5,1204.9,1214.5,5296.58034653
2023-01-04,1214.3,1270.2,1212.6,1256.5,15768.16265551
2023-01-05,1256.5,1259.5,1242.2,1250.6,7247.87351168
2023-01-06,1250.9,1276.0,1235.6,1269.2,9406.06993722
2023-01-07,1269.1,1270.7,1261.2,1263.9,2212.25082611
2023-01-08,1264.0,1294.2,1257.9,1289.6,5798.82810763
2023-01-09,1289.6,1345.0,1285.5,1320.5,15468.0071792
2023-01-10,1320.4,1347.5,1317.0,1335.5,10817.25461092
2023-01-11,1335.7,1396.9,1321.5,1390.2,10908.90871052
2023-01-12,1389.7,1437.9,1360.9,1416.6,18364.71985107
2023-01-13,1416.2,1463.8,1402.1,1451.0,14410.90102848
2023-01-14,1450.9,1591.9,1449.9,1550.0,18531.14064727
2023-01-15,1550.5,1567.1,1516.0,1553.2,4756.04736112
2023-01-16,1553.2,1603.7,1522.3,1577.1,10042.94779675
2023-01-17,1576.7,1607.7,1541.6,1565.1,7768.31148247
2023-01-18,1565.0,1611.6,1501.4,1511.7,17688.30147502
2023-01-19,1509.7,1564.0,1509.7,1551.4,10644.68867794
2023-01-20,1551.2,1671.3,1542.6,1658.4,27893.59764304
2023-01-21,1658.4,1680.0,1619.2,1626.4,20207.80791954
2023-01-22,1626.8,1664.0,1604.3,1628.0,13493.74346876
2023-01-23,1628.0,1647.7,1584.4,1626.4,14224.30782197
2023-01-24,1626.5,1641.4,1533.5,1556.5,17492.2255262
2023-01-25,1554.7,1640.0,1517.5,1609.8,19664.9108327
2023-01-26,1613.4,1632.7,1577.5,1601.6,10325.70760551
2023-01-27,1601.6,1621.4,1553.6,1598.2,11974.97839166
2023-01-28,1598.2,1606.2,1557.4,1572.9,3545.48080399
2023-01-29,1572.4,1660.7,1567.2,1645.3,9490.29373051
2023-01-30,1644.8,1647.5,1533.9,1566.3,12938.73312023
2023-01-31,1566.2,1605.2,1562.0,1585.3,10698.10815556
2023-02-01,1585.4,1647.8,1557.0,1642.0,9883.22073547
2023-02-02,1642.6,1714.1,1625.9,1644.0,20333.94387446
2023-02-03,1644.0,1676.1,1626.3,1664.2,17766.47843553
2023-02-04,1663.8,1695.0,1645.7,1667.0,4771.44464249
2023-02-05,1666.3,1673.9,1610.3,1629.8,8150.18464111
2023-02-06,1629.6,1657.8,1605.6,1614.0,16173.0335928
2023-02-07,1613.8,1677.5,1613.5,1671.7,8660.90590013
2023-02-08,1671.3,1696.9,1631.9,1650.6,11677.62461579
2023-02-09,1650.8,1655.5,1524.8,1545.6,16169.66242097
2023-02-10,1545.8,1554.9,1492.3,1514.4,6392.80947823
2023-02-11,1513.2,1543.3,1505.0,1538.9,2820.79822494
2023-02-12,1538.9,1548.0,1494.4,1515.7,3745.38125906
2023-02-13,1515.4,1525.9,1463.2,1506.4,10729.80360682
2023-02-14,1506.5,1568.9,1492.3,1556.6,12509.90596596
2023-02-15,1556.2,1680.9,1542.9,1675.3,9039.32455266
2023-02-16,1675.4,1742.0,1634.3,1638.3,12454.72976281
2023-02-17,1638.3,1720.9,1632.5,1694.5,7686.13087952
2023-02-18,1694.0,1711.9,1681.0,1692.2,3251.19811716
2023-02-19,1692.1,1726.7,1667.3,1682.7,5494.14728722
2023-02-20,1680.8,1719.5,1652.5,1703.9,3820.34330558
2023-02-21,1703.7,1716.6,1638.4,1659.8,7386.34067433
2023-02-22,1659.3,1667.4,1595.6,1643.5,10036.07528798
2023-02-23,1643.5,1678.5,1629.0,1650.7,7810.29409917
2023-02-24,1651.0,1664.0,1576.6,1607.8,18185.00887197
2023-02-25,1607.4,1608.8,1558.4,1595.0,4724.051077
2023-02-26,1594.2,1651.0,1588.1,1642.0,5453.30145329
2023-02-27,1641.7,1664.6,1608.4,1634.3,9495.07603515
2023-02-28,1634.0,1647.3,1597.5,1605.4,5966.26566785
2023-03-01,1605.8,1669.8,1595.7,1665.3,6646.92366895
2023-03-02,1665.2,1677.9,1620.0,1648.0,6496.37424096
2023-03-03,1648.3,1649.2,1543.6,1569.8,16426.97141648
2023-03-04,1569.6,1577.8,1549.7,1566.8,2802.03611935
2023-03-05,1566.8,1587.9,1551.9,1564.6,4490.83007631
2023-03-06,1564.5,1582.6,1555.2,1565.8,8753.91296042
2023-03-07,1565.9,1583.9,1535.6,1561.5,11082.2630992
2023-03-08,1562.2,1570.1,1523.3,1532.3,8394.20887185
2023-03-09,1531.7,1545.8,1408.2,1437.7,22174.10095161
2023-03-10,1436.4,1438.8,1369.9,1431.5,35916.88944994
2023-03-11,1431.5,1489.5,1416.8,1484.0,31977.44930359
2023-03-12,1482.9,1609.1,1459.7,1591.4,20384.11478111
2023-03-13,1592.2,1700.2,1571.1,1679.9,38959.22300003
2023-03-14,1680.7,1784.1,1665.3,1704.6,30691.56599971
2023-03-15,1704.3,1721.8,1614.8,1656.7,17754.90067992
2023-03-16,1656.6,1693.7,1638.2,1676.9,8475.24028438
2023-03-17,1676.9,1803.0,1666.3,1794.4,21965.17942894
2023-03-18,1794.1,1846.0,1753.0,1764.1,16183.75531058
2023-03-19,1764.9,1846.5,1763.0,1785.9,7696.56168367
2023-03-20,1786.5,1807.9,1730.0,1738.1,15885.18228859
2023-03-21,1738.2,1839.9,1725.0,1806.9,11919.64009478
2023-03-22,1807.1,1823.2,1715.5,1738.2,10961.39113503
2023-03-23,1739.1,1859.6,1733.9,1817.2,9094.33730983
2023-03-24,1817.4,1822.3,1729.5,1751.7,11269.81192788
2023-03-25,1752.1,1764.6,1716.6,1744.3,7001.71901414
2023-03-26,1743.9,1800.6,1741.5,1775.7,6846.673019
2023-03-27,1775.7,1781.9,1687.8,1716.4,10829.79162234
2023-03-28,1716.2,1794.8,1703.0,1773.4,13740.55939282
2023-03-29,1774.6,1827.0,1773.2,1793.2,10912.70322515
2023-03-30,1793.3,1829.8,1762.5,1794.0,9422.77443364
2023-03-31,1795.0,1846.8,1780.8,1822.2,14112.78977491
2023-04-01,1822.2,1842.2,1809.0,1821.4,2225.12521687
2023-04-02,1821.7,1826.0,1774.1,1796.0,3214.91422204
2023-04-03,1795.6,1839.6,1764.5,1811.4,9723.04728056
2023-04-04,1811.8,1890.5,1803.6,1871.6,12336.18855942
2023-04-05,1871.3,1942.5,1865.4,1909.6,11102.57856055
2023-04-06,1909.2,1910.5,1855.2,1873.0,4825.95843428
2023-04-07,1873.0,1883.6,1842.5,1865.1,3139.25450004
2023-04-08,1865.0,1880.1,1848.6,1850.8,2355.2489355
2023-04-09,1850.6,1874.3,1827.2,1859.7,4049.95079332
2023-04-10,1858.3,1920.0,1847.9,1911.4,7756.96925157
2023-04-11,1911.0,1938.4,1883.7,1891.9,10673.57286368
2023-04-12,1892.7,1934.1,1856.3,1919.2,12617.84951182
2023-04-13,1919.2,2024.0,1901.5,2014.6,23847.40719355
2023-04-14,2014.4,2130.8,2011.8,2101.8,25067.54928243
2023-04-15,2101.9,2112.8,2074.0,2092.8,5792.8486687
2023-04-16,2091.8,2140.8,2075.4,2120.4,6043.28264672
2023-04-17,2120.4,2122.2,2056.0,2075.4,11035.64588162
2023-04-18,2075.4,2123.6,2053.1,2104.8,7182.00991398
2023-04-19,2104.8,2105.4,1924.8,1934.8,18341.20980246
2023-04-20,1934.9,1982.5,1913.6,1942.9,11169.64688466
2023-04-21,1943.1,1956.1,1826.0,1848.4,21229.48598968
2023-04-22,1848.4,1887.4,1843.3,1874.1,3697.92007253
2023-04-23,1873.8,1882.1,1838.6,1862.2,4662.67246885
2023-04-24,1861.9,1889.1,1807.0,1841.8,10250.20997603
2023-04-25,1842.4,1878.0,1802.6,1866.1,7356.06613389
2023-04-26,1866.1,1963.2,1787.0,1866.5,15130.68358737
2023-04-27,1866.9,1938.6,1862.2,1909.5,11897.6425867
2023-04-28,1909.4,1924.5,1876.1,1892.3,8976.24658769
2023-04-29,1892.9,1918.7,1885.3,1909.2,2492.64105907
2023-04-30,1909.2,1940.0,1867.9,1868.8,4724.6719056
2023-05-01,1871.2,1886.5,1806.1,1830.5,23302.23535884
2023-05-02,1830.7,1882.1,1822.9,1870.7,7333.17842417
2023-05-03,1870.8,1915.9,1843.7,1905.4,8720.59370004
2023-05-04,1905.6,1917.3,1868.8,1878.3,5797.31461519
2023-05-05,1878.3,2005.5,1876.9,1997.0,19312.35020165
2023-05-06,1996.7,2020.6,1865.0,1900.8,9997.36434871
2023-05-07,1900.4,1935.2,1870.9,1873.1,3783.33048077
2023-05-08,1873.9,1886.7,1800.0,1849.2,20383.07349058
2023-05-09,1848.8,1862.5,1832.5,1847.7,6342.55189412
2023-05-10,1847.9,1900.0,1790.3,1842.7,11959.94210375
2023-05-11,1842.5,1843.1,1773.8,1795.7,10592.80299837
2023-05-12,1796.0,1815.0,1737.4,1808.5,8974.76947224
2023-05-13,1808.4,1817.8,1787.7,1796.2,2825.54038084
2023-05-14,1796.2,1824.5,1791.5,1800.2,2408.43301161
2023-05-15,1800.2,1847.2,1787.0,1816.4,6992.91151872
2023-05-16,1816.7,1831.4,1797.1,1824.4,4509.17548453
2023-05-17,1824.6,1836.8,1784.4,1822.4,3278.1396463
2023-05-18,1822.7,1831.7,1772.9,1800.8,4589.62249873
2023-05-19,1800.0,1828.6,1797.4,1812.9,3386.17352908
2023-05-20,1812.8,1829.4,1807.5,1820.2,902.6525682
2023-05-21,1820.1,1828.4,1798.5,1805.4,1447.28507822
2023-05-22,1805.4,1827.4,1792.2,1817.7,2492.20679222
2023-05-23,1818.2,1872.0,1816.0,1854.5,4352.03920293
2023-05-24,1854.6,1854.6,1777.3,1800.0,7923.11378922
2023-05-25,1800.1,1818.0,1760.7,1806.0,5237.88199076
2023-05-26,1806.1,1838.5,1797.1,1828.6,4311.75107115
2023-05-27,1829.1,1836.8,1813.3,1831.0,1510.5194669
2023-05-28,1831.0,1920.2,1824.1,1909.3,5717.14936606
2023-05-29,1910.5,1927.5,1875.0,1893.6,5876.94835475
2023-05-30,1893.1,1917.1,1882.4,1901.3,5110.83882546
2023-05-31,1901.0,1907.8,1847.3,1874.0,5191.87090173
2023-06-01,1874.5,1889.2,1840.1,1862.4,4434.4776417
2023-06-02,1861.7,1911.0,1848.8,1907.2,8251.64519179
2023-06-03,1907.2,1909.0,1882.9,1892.7,2403.95344033
2023-06-04,1892.1,1914.6,1885.2,1890.6,3098.15390353
2023-06-05,1889.4,1891.3,1775.7,1810.7,15125.53488338
2023-06-06,1811.6,1898.1,1798.8,1884.5,9795.42575918
2023-06-07,1883.7,1897.4,1821.0,1832.8,6028.06373086
2023-06-08,1832.3,1861.0,1828.9,1846.2,3630.77992282
2023-06-09,1846.4,1855.4,1827.7,1840.6,3680.33173577
2023-06-10,1840.5,1844.4,1717.2,1752.5,14603.10911842
2023-06-11,1752.5,1777.7,1740.0,1753.4,3376.97207059
2023-06-12,1753.4,1759.1,1720.1,1742.7,6320.26588193
2023-06-13,1742.9,1767.4,1723.7,1739.4,5492.25356187
2023-06-14,1739.7,1749.8,1631.0,1651.0,8412.75339455
2023-06-15,1650.1,1678.8,1622.0,1665.2,7563.92830765
2023-06-16,1665.3,1727.4,1648.2,1717.0,4707.05033181
2023-06-17,1717.2,1770.9,1713.7,1727.1,3275.94178324
2023-06-18,1727.1,1746.4,1713.4,1720.5,1932.63348897
2023-06-19,1720.4,1750.2,1699.8,1736.8,6244.30821132
2023-06-20,1736.7,1796.3,1714.1,1792.4,10473.6531204
2023-06-21,1792.8,1900.9,1787.9,1889.8,12077.30875163
2023-06-22,1889.6,1933.1,1867.4,1872.6,7194.1551535
2023-06-23,1872.6,1936.2,1861.7,1893.7,8385.41692119
2023-06-24,1893.8,1906.6,1866.4,1876.2,2522.94092453
2023-06-25,1876.5,1930.0,1870.3,1899.9,3661.92279616
2023-06-26,1899.9,1908.9,1837.7,1859.4,7001.6739709
2023-06-27,1859.4,1911.7,1856.5,1890.0,3625.30528231
2023-06-28,1890.5,1890.5,1816.5,1827.8,3137.22503743
2023-06-29,1828.0,1879.4,1827.9,1852.1,3223.24064944
2023-06-30,1851.8,1945.5,1824.6,1933.3,11493.67368488
2023-07-01,1934.0,1943.8,1908.9,1924.4,3519.40720008
2023-07-02,1924.4,1959.4,1885.9,1937.6,3664.94314094
2023-07-03,1937.6,1976.0,1934.0,1956.0,11915.72725384
2023-07-04,1955.4,1966.6,1931.8,1936.7,2141.49141103
2023-07-05,1936.8,1942.2,1894.5,1910.4,3160.1652787
2023-07-06,1910.3,1959.0,1846.6,1847.6,7182.27123816
2023-07-07,1845.8,1877.9,1827.9,1870.8,4776.3211685
2023-07-08,1870.7,1872.0,1843.6,1865.5,1747.02679674
2023-07-09,1865.8,1879.2,1857.0,1863.5,1709.33525696
2023-07-10,1863.4,1905.6,1848.0,1880.7,3824.67741514
2023-07-11,1881.1,1890.9,1863.0,1878.7,1981.63846411
2023-07-12,1878.7,1901.7,1865.0,1871.7,3559.50140822
2023-07-13,1871.8,2012.8,1863.1,2004.8,19508.17318889
2023-07-14,2005.8,2029.5,1899.1,1938.9,10631.90219906
2023-07-15,1938.3,1947.0,1927.2,1931.5,2428.2425717
2023-07-16,1931.7,1943.6,1914.6,1923.6,3181.63643381
2023-07-17,1922.2,1936.6,1874.6,1911.4,6262.80807069
2023-07-18,1911.4,1917.6,1877.0,1897.7,6546.69770302
2023-07-19,1897.6,1921.8,1882.0,1888.7,5463.66825275
2023-07-20,1888.6,1929.0,1878.3,1891.5,4474.70546454
2023-07-21,1891.8,1905.4,1884.9,1892.0,2328.76742003
2023-07-22,1892.0,1897.5,1853.5,1866.4,2586.53028232
2023-07-23,1866.6,1904.4,1858.9,1889.4,3024.8668829
2023-07-24,1888.9,1890.8,1833.0,1849.6,11865.50022855
2023-07-25,1850.0,1866.7,1845.4,1857.5,5409.66939517
2023-07-26,1857.2,1887.0,1849.1,1872.2,4622.67856445
2023-07-27,1872.2,1886.2,1854.1,1861.0,3793.61514065
2023-07-28,1861.0,1882.4,1856.0,1874.2,5939.88278537
2023-07-29,1874.1,1886.4,1869.4,1880.8,1066.89582821
2023-07-30,1881.1,1885.2,1849.2,1861.7,3217.9604299
2023-07-31,1861.5,1876.5,1850.5,1856.2,4354.27598158
2023-08-01,1856.1,1873.9,1813.1,1872.7,9682.79620908
2023-08-02,1873.4,1878.6,1820.4,1839.1,5825.27420546
2023-08-03,1838.6,1857.4,1824.9,1834.5,4909.42685203
2023-08-04,1834.5,1849.3,1812.1,1827.3,2514.83030086
2023-08-05,1827.3,1837.3,1824.5,1835.0,2657.40449789
2023-08-06,1834.9,1836.6,1823.9,1827.6,1560.56238149
2023-08-07,1827.6,1843.7,1799.2,1827.0,9600.07508766
2023-08-08,1827.0,1875.5,1823.8,1855.9,10526.33407541
2023-08-09,1855.9,1870.6,1845.0,1854.2,4085.09776317
2023-08-10,1854.2,1864.4,1844.8,1850.4,2654.79031985
2023-08-11,1850.4,1855.3,1836.9,1847.2,2404.25009751
2023-08-12,1847.0,1852.5,1845.4,1849.2,2745.2877266
2023-08-13,1849.2,1860.4,1833.5,1839.3,1820.98066236
2023-08-14,1839.2,1854.2,1833.5,1843.9,2593.43284908
2023-08-15,1843.9,1845.7,1811.6,1827.3,3372.93271794
2023-08-16,1827.3,1829.5,1796.2,1805.6,7939.38116612
2023-08-17,1805.6,1807.9,1542.6,1683.5,26210.55090677
2023-08-18,1681.4,1699.5,1641.1,1661.1,11865.14608983
2023-08-19,1661.5,1696.0,1653.9,1669.6,5890.57472399
2023-08-20,1669.6,1693.7,1662.1,1685.4,3698.2236139
2023-08-21,1685.4,1687.4,1650.0,1667.4,6162.04449019
2023-08-22,1667.4,1669.3,1581.0,1634.0,9571.99427952
2023-08-23,1634.3,1701.1,1629.1,1679.5,9539.4978282
2023-08-24,1679.7,1682.9,1635.5,1660.8,8616.57323175
2023-08-25,1660.9,1675.1,1634.5,1653.0,8854.95984463
2023-08-26,1652.9,1654.8,1643.3,1646.3,1015.200605
2023-08-27,1646.3,1659.3,1645.5,1657.8,1277.55982041
2023-08-28,1657.5,1661.7,1622.5,1652.2,5289.1296932
2023-08-29,1652.1,1744.8,1639.1,1729.2,10748.90297561
2023-08-30,1729.2,1731.1,1696.5,1705.3,5026.47290519
2023-08-31,1705.6,1725.4,1630.3,1645.6,7083.78036007
2023-09-01,1645.3,1654.4,1602.5,1628.6,5334.96154094
2023-09-02,1628.6,1644.8,1627.6,1637.1,1326.89824204
2023-09-03,1637.1,1646.8,1625.7,1635.8,1736.42126528
2023-09-04,1635.5,1644.3,1616.3,1629.7,3044.31075774
2023-09-05,1629.5,1646.5,1609.2,1634.0,3791.29172043
2023-09-06,1634.0,1668.6,1608.8,1632.2,5482.9218897
2023-09-07,1632.2,1658.1,1622.6,1647.9,5007.12623992
2023-09-08,1647.8,1658.1,1616.1,1636.0,3908.98634938
2023-09-09,1636.0,1637.3,1629.7,1635.3,1555.28181226
2023-09-10,1635.6,1635.6,1596.7,1616.8,3076.8761679
2023-09-11,1616.8,1618.6,1531.1,1551.7,16921.16452496
2023-09-12,1551.5,1622.3,1549.3,1593.3,5677.30271749
2023-09-13,1593.2,1618.2,1581.8,1608.1,4599.72915459
2023-09-14,1608.1,1644.4,1607.5,1627.1,5538.03733861
2023-09-15,1627.1,1653.1,1612.0,1641.5,3603.55548781
2023-09-16,1642.4,1652.3,1632.1,1635.0,1330.4390747
2023-09-17,1634.9,1635.6,1613.0,1623.3,1471.40676431
2023-09-18,1623.3,1669.2,1606.0,1637.6,3962.64360633
2023-09-19,1637.4,1660.7,1628.2,1643.5,2804.2263897
2023-09-20,1643.6,1649.5,1605.8,1622.4,18979.93526273
2023-09-21,1622.0,1625.4,1568.5,1583.9,11161.94319559
2023-09-22,1583.5,1601.9,1577.4,1593.2,1943.26382
2023-09-23,1593.1,1598.0,1588.2,1594.1,707.54873328
2023-09-24,1593.9,1600.8,1571.0,1581.0,1810.10667441
2023-09-25,1579.7,1597.1,1563.2,1588.1,2716.66166998
2023-09-26,1588.1,1597.8,1580.1,1593.1,2293.26734091
2023-09-27,1593.2,1632.4,1584.7,1597.3,3491.62073811
2023-09-28,1597.6,1667.0,1596.8,1653.1,6408.90724752
2023-09-29,1653.2,1688.4,1648.7,1667.6,4546.95611974
2023-09-30,1667.3,1693.8,1666.1,1671.1,1464.49515639
2023-10-01,1671.1,1755.4,1669.0,1732.1,2680.19859249
2023-10-02,1733.6,1743.5,1637.0,1663.0,5091.5656184
2023-10-03,1662.8,1670.7,1640.7,1657.1,3056.97855186
2023-10-04,1657.2,1658.0,1625.0,1647.0,3159.73013847
2023-10-05,1647.1,1654.9,1607.7,1611.4,3473.2234351
2023-10-06,1612.6,1661.7,1612.5,1646.0,2152.00971741
2023-10-07,1646.4,1648.7,1631.2,1635.0,628.61158176
2023-10-08,1634.6,1642.7,1617.9,1633.9,728.52562972
2023-10-09,1633.9,1636.0,1548.7,1580.0,4245.31378739
2023-10-10,1580.0,1595.0,1551.1,1567.6,5921.79940698
2023-10-11,1567.8,1639.5,1545.5,1566.6,6347.47137359
2023-10-12,1565.1,1567.2,1520.5,1539.6,3607.14290368
2023-10-13,1539.4,1573.2,1537.4,1552.2,3493.5568034
2023-10-14,1552.3,1561.2,1545.3,1555.0,1977.63586157
2023-10-15,1555.4,1566.2,1549.6,1557.9,1156.81823706
2023-10-16,1557.8,1640.5,1555.4,1600.3,5641.43132962
2023-10-17,1600.7,1601.6,1553.3,1565.5,2632.93147187
2023-10-18,1565.2,1584.8,1556.4,1563.7,2115.08135424
2023-10-19,1563.2,1575.1,1542.1,1567.7,1794.86431491
2023-10-20,1567.6,1631.2,1562.2,1604.9,4461.01628723
2023-10-21,1605.0,1643.9,1593.2,1629.7,2152.18665728
2023-10-22,1629.8,1668.5,1623.0,1664.1,1598.64715858
2023-10-23,1664.1,1800.0,1658.6,1766.7,7679.05394847
2023-10-24,1767.1,1854.4,1757.1,1785.4,14815.51023888
2023-10-25,1784.4,1817.4,1761.0,1787.8,3168.81510054
2023-10-26,1787.2,1865.0,1763.2,1804.1,12401.19422286
2023-10-27,1802.7,1804.7,1744.8,1780.1,5431.86233949
2023-10-28,1780.1,1802.5,1771.1,1776.7,665.4817943
2023-10-29,1776.3,1811.0,1763.9,1796.0,627.22647526
2023-10-30,1796.0,1830.3,1778.7,1809.9,5197.66589936
2023-10-31,1810.1,1849.0,1782.4,1815.8,8101.24721268
2023-11-01,1815.8,1858.9,1784.6,1847.4,5803.00132062
2023-11-02,1848.2,1874.7,1785.9,1801.0,3123.78172533
2023-11-03,1801.0,1835.3,1778.8,1832.6,1595.70074096
2023-11-04,1833.9,1869.6,1825.3,1857.2,1255.23837578
2023-11-05,1857.9,1913.3,1848.6,1894.6,2613.02531427
2023-11-06,1892.0,1916.0,1870.8,1901.9,2818.14701626
2023-11-07,1902.4,1908.0,1851.8,1886.2,6504.19633227
2023-11-08,1886.2,1905.2,1874.5,1889.3,2092.28338417
2023-11-09,1889.3,2131.5,1883.4,2121.3,20212.46610531
2023-11-10,2121.7,2136.5,2065.9,2079.0,6691.77130382
2023-11-11,2078.0,2091.1,2033.1,2054.0,2121.70382935
2023-11-12,2053.7,2066.7,2008.5,2046.5,1164.94174746
2023-11-13,2046.3,2117.4,2031.4,2053.9,8295.49335597
2023-11-14,2054.4,2065.3,1934.4,1979.5,4776.40608689
2023-11-15,1980.9,2063.0,1968.4,2060.0,6208.5422613
2023-11-16,2060.4,2092.2,1940.4,1962.4,11120.88371199
2023-11-17,1962.1,1991.3,1906.7,1962.0,13829.2913067
2023-11-18,1960.9,1972.1,1918.8,1963.4,1066.50817039
2023-11-19,1963.8,2017.3,1945.0,2012.2,4279.91486129
2023-11-20,2013.3,2067.3,1993.2,2023.0,9309.69163171
2023-11-21,2022.9,2036.1,1933.0,1934.3,5486.50698279
2023-11-22,1932.7,2092.7,1931.0,2064.4,8450.70565482
2023-11-23,2063.5,2088.9,2041.0,2062.7,2173.68290402
2023-11-24,2062.3,2133.6,2060.1,2082.9,7485.18869874
2023-11-25,2083.0,2092.3,2068.4,2084.2,1020.75740942
2023-11-26,2084.5,2095.0,2039.3,2062.6,3231.11789363
2023-11-27,2063.6,2072.1,1986.9,2027.9,5171.98832851
2023-11-28,2027.6,2075.9,1995.9,2049.5,11164.16233198
2023-11-29,2049.2,2075.7,2020.6,2029.4,2652.90786522
2023-11-30,2028.8,2055.5,2022.3,2053.8,6750.0418245
2023-12-01,2053.1,2110.7,2046.1,2088.7,8232.54928194
2023-12-02,2088.6,2188.5,2087.2,2165.8,3234.17160371
2023-12-03,2166.9,2218.0,2151.1,2194.1,3930.89906862
2023-12-04,2193.6,2274.4,2192.4,2243.8,8588.35813865
2023-12-05,2240.2,2310.4,2189.2,2293.9,5311.71698818
2023-12-06,2295.2,2312.1,2221.3,2233.4,6474.33098656
2023-12-07,2232.8,2383.5,2222.6,2358.3,7659.0250155
2023-12-08,2358.8,2392.4,2339.2,2359.0,6322.51132822
2023-12-09,2360.1,2403.1,2329.9,2340.2,4377.87208744
2023-12-10,2340.2,2376.9,2324.0,2352.3,1805.63227425
2023-12-11,2352.6,2355.0,2145.0,2224.4,8275.30204022
2023-12-12,2224.0,2242.9,2165.4,2201.2,6140.41819899
2023-12-13,2203.0,2283.8,2145.6,2260.7,4742.59755435
2023-12-14,2261.0,2332.7,2227.2,2315.7,7036.01517453
2023-12-15,2316.7,2318.2,2202.5,2220.6,4881.53528577
2023-12-16,2221.3,2262.2,2211.6,2227.3,2132.14260871
2023-12-17,2227.3,2246.1,2190.7,2194.8,1431.23789068
2023-12-18,2194.9,2223.1,2115.7,2218.2,8458.25168616
2023-12-19,2219.2,2253.9,2135.8,2177.5,5399.02568167
2023-12-20,2177.4,2264.7,2158.7,2202.3,9130.10404584
2023-12-21,2202.3,2279.1,2183.4,2240.0,6448.55053793
2023-12-22,2239.9,2342.3,2232.3,2326.4,6615.44975998
2023-12-23,2327.8,2332.5,2268.4,2309.6,3911.07559418
2023-12-24,2310.4,2326.7,2246.3,2264.7,2261.22729439
2023-12-25,2264.4,2305.0,2255.1,2272.1,2429.07294552
2023-12-26,2271.7,2275.7,2178.2,2231.0,5700.32430675
2023-12-27,2231.7,2393.1,2212.8,2380.6,17842.74708979
2023-12-28,2382.2,2447.2,2336.6,2345.5,9724.44267479
2023-12-29,2345.3,2387.6,2257.2,2299.6,12484.32309445
2023-12-30,2299.5,2322.7,2269.2,2292.1,1952.73150285
2023-12-31,2292.0,2320.5,2260.0,2280.9,1999.57910335
2024-01-01,2282.1,2352.9,2266.0,2352.5,5435.02115359
2024-01-02,2351.6,2433.3,2342.4,2356.5,7573.11764881
2024-01-03,2357.2,2386.3,2101.0,2210.9,13430.12776834
2024-01-04,2209.2,2296.5,2205.1,2269.6,6977.57332053
2024-01-05,2271.1,2278.5,2207.8,2269.4,7253.33311402
2024-01-06,2270.0,2272.0,2217.0,2241.5,3852.87144982
2024-01-07,2241.7,2258.0,2207.3,2222.8,4858.45209246
2024-01-08,2222.7,2360.5,2168.0,2332.7,7471.5508137
2024-01-09,2333.5,2371.8,2228.7,2345.1,6802.99588141
2024-01-10,2346.7,2644.0,2341.6,2584.8,19906.7937816
2024-01-11,2585.7,2690.7,2564.6,2619.0,11176.43801569
2024-01-12,2618.8,2717.5,2456.2,2522.6,16791.31306616
2024-01-13,2521.3,2588.7,2496.9,2578.3,8438.02982834
2024-01-14,2578.6,2578.7,2467.8,2471.6,6865.72164384
2024-01-15,2471.8,2551.9,2469.7,2510.8,4144.93638358
2024-01-16,2510.8,2613.3,2498.7,2587.3,9816.15905711
2024-01-17,2587.5,2592.3,2506.0,2528.4,3802.83321691
2024-01-18,2527.3,2546.7,2424.0,2467.9,6672.20275829
2024-01-19,2469.2,2502.8,2413.0,2490.1,12279.33361663
2024-01-20,2489.4,2489.4,2452.8,2470.7,1105.98718535
2024-01-21,2470.6,2480.7,2452.0,2455.8,768.81873321
2024-01-22,2454.8,2464.6,2301.6,2310.7,8443.45105724
2024-01-23,2310.8,2348.8,2165.0,2241.0,12283.37254096
2024-01-24,2239.8,2264.2,2195.8,2233.9,7210.54783755
2024-01-25,2234.3,2241.0,2170.1,2217.5,7832.43830382
2024-01-26,2217.0,2281.0,2195.1,2267.0,8689.46713861
2024-01-27,2267.3,2282.5,2251.0,2268.1,1813.27677843
2024-01-28,2267.9,2307.6,2240.9,2256.7,2137.26442167
2024-01-29,2256.7,2322.6,2234.3,2318.3,5953.98931583
2024-01-30,2317.9,2391.8,2297.5,2343.2,8807.22357087
2024-01-31,2344.9,2351.2,2264.1,2281.8,5704.24391929
2024-02-01,2281.5,2311.5,2239.0,2303.4,3967.37953148
2024-02-02,2304.3,2322.8,2279.2,2308.3,6236.84605419
2024-02-03,2308.8,2328.0,2292.4,2296.1,1728.00145464
2024-02-04,2295.5,2309.0,2268.5,2288.6,1972.64689295
2024-02-05,2288.2,2334.7,2268.3,2299.0,3890.75930654
2024-02-06,2298.9,2392.2,2296.4,2372.5,15599.06155752
2024-02-07,2372.5,2444.5,2353.3,2424.2,8955.8865237
2024-02-08,2425.3,2463.2,2411.3,2420.1,12650.76253827
2024-02-09,2420.1,2524.2,2419.1,2487.4,7527.08490398
2024-02-10,2488.0,2516.9,2473.4,2501.1,1685.39608693
2024-02-11,2501.4,2540.0,2494.6,2507.8,1276.85433449
2024-02-12,2508.2,2666.3,2473.1,2659.9,9126.06130575
2024-02-13,2663.4,2686.6,2591.0,2641.8,6597.00376164
2024-02-14,2642.1,2788.8,2619.4,2777.8,5457.86807591
2024-02-15,2775.9,2869.5,2763.2,2825.8,4827.03991266
2024-02-16,2826.6,2860.0,2747.9,2803.7,3410.77911072
2024-02-17,2804.2,2806.2,2722.2,2786.9,1733.96238395
2024-02-18,2787.6,2896.4,2766.0,2881.1,3140.39245787
2024-02-19,2881.8,2984.2,2858.2,2945.5,4465.27889934
2024-02-20,2945.5,3032.9,2875.3,3015.5,5033.37890612
2024-02-21,3015.8,3017.6,2868.9,2968.3,9410.52172588
2024-02-22,2967.8,3036.4,2907.0,2968.3,7137.2393499
2024-02-23,2970.2,2991.6,2906.2,2921.9,11327.87435309
2024-02-24,2926.5,3005.1,2907.2,2992.6,1638.92526491
2024-02-25,2992.6,3120.8,2984.1,3112.3,2785.42223633
2024-02-26,3112.7,3198.1,3037.1,3178.0,13437.65683104
2024-02-27,3179.9,3290.1,3167.8,3244.0,14906.31902709
2024-02-28,3244.1,3487.63,3143.2,3386.7,16748.81313405
2024-02-29,3386.8,3521.6,3302.8,3341.7,14337.66126839
2024-03-01,3341.9,3453.7,3341.0,3435.8,7270.19504927
2024-03-02,3435.7,3461.7,3399.3,3424.0,4866.33924307
2024-03-03,3424.1,3494.8,3365.0,3489.4,6822.27842584
2024-03-04,3489.5,3645.4,3427.6,3633.6,10120.08068744
2024-03-05,3632.4,3827.9,3205.9,3559.6,23946.62126821
2024-03-06,3558.5,3901.9,3502.3,3822.1,20396.7155552
2024-03-07,3823.1,3940.3,3739.4,3875.7,10070.81476976
2024-03-08,3877.2,4003.3,3828.6,3892.9,8504.68672403
2024-03-09,3895.7,3951.9,3881.0,3913.7,3442.02130175
2024-03-10,3913.8,3970.8,3795.8,3882.0,11483.87283653
2024-03-11,3880.8,4090.0,3733.7,4066.5,14344.90218738
2024-03-12,4066.2,4095.4,3824.4,3980.5,13545.55243297
2024-03-13,3981.1,4084.9,3935.9,4007.9,8387.56717274
2024-03-14,4007.3,4012.8,3717.2,3881.2,12291.53779795
2024-03-15,3881.2,3932.0,3562.9,3742.8,14672.01235768
2024-03-16,3743.3,3781.0,3466.4,3520.8,5411.17687157
2024-03-17,3520.0,3677.2,3411.4,3642.4,3080.86095642
2024-03-18,3641.3,3641.3,3455.6,3520.3,6730.69510241
2024-03-19,3520.3,3547.8,3147.5,3157.1,20242.28955689
2024-03-20,3157.0,3534.4,3059.0,3514.9,12679.49757379
2024-03-21,3516.6,3586.6,3411.2,3492.0,15637.02931082
2024-03-22,3492.8,3544.5,3251.7,3337.1,8126.06618222
2024-03-23,3336.3,3434.7,3272.8,3333.8,2934.95113619
2024-03-24,3329.7,3470.2,3300.8,3453.9,2194.45235743
2024-03-25,3458.7,3661.7,3420.7,3591.6,11043.78048971
2024-03-26,3593.6,3679.8,3545.6,3587.3,5623.57652418
2024-03-27,3588.2,3663.9,3458.6,3498.8,5642.06394624
2024-03-28,3498.7,3609.8,3463.8,3561.1,5918.32930728
2024-03-29,3561.1,3585.6,3472.5,3511.6,4285.74730481
2024-03-30,3513.1,3566.6,3488.9,3507.6,2917.69762384
2024-03-31,3507.3,3654.2,3506.4,3645.6,3346.00281402
2024-04-01,3644.9,3645.9,3414.0,3505.6,8883.13957671
2024-04-02,3505.8,3507.6,3214.2,3279.0,9227.27832527
2024-04-03,3281.3,3368.8,3204.9,3312.3,5113.40226201
2024-04-04,3311.4,3445.5,3252.7,3329.3,7219.71841053
2024-04-05,3329.6,3346.7,3211.0,3319.4,4310.05194634
2024-04-06,3320.2,3399.0,3308.3,3352.5,1428.0564701
2024-04-07,3352.3,3459.0,3345.5,3454.1,2924.1791427
2024-04-08,3455.3,3727.9,3409.5,3693.8,8525.38737049
2024-04-09,3695.5,3726.3,3451.8,3505.6,9009.00409635
2024-04-10,3503.5,3563.6,3413.7,3545.6,7471.60602436
2024-04-11,3546.2,3618.1,3474.2,3502.8,4346.68806754
2024-04-12,3502.5,3553.1,3087.9,3240.2,7727.14108934
2024-04-13,3237.5,3300.5,2845.0,3013.1,11392.69156496
2024-04-14,3012.0,3173.9,2911.8,3159.4,9992.14258926
2024-04-15,3159.0,3280.4,3028.5,3103.1,6084.1116362
2024-04-16,3099.6,3126.5,2989.7,3085.2,3512.36273049
2024-04-17,3085.6,3122.3,2915.0,2985.4,5196.48383231
2024-04-18,2984.3,3097.5,2954.8,3066.2,9065.74812057
2024-04-19,3065.8,3126.6,2867.4,3057.9,7170.67634637
2024-04-20,3058.3,3171.9,3021.1,3157.8,2569.01541166
2024-04-21,3154.6,3198.3,3118.0,3148.3,1910.29460183
2024-04-22,3147.8,3236.5,3130.3,3201.5,2578.50064491
2024-04-23,3201.6,3264.0,3154.4,3220.1,4664.66018453
2024-04-24,3219.4,3293.1,3107.4,3139.5,10017.46773038
2024-04-25,3136.5,3191.7,3075.0,3155.2,6200.45183328
2024-04-26,3155.7,3166.6,3103.4,3130.5,3191.43438568
2024-04-27,3132.2,3279.0,3069.0,3253.1,1986.49200755
2024-04-28,3258.4,3355.0,3248.5,3263.0,4294.86010618
2024-04-29,3262.6,3286.9,3118.1,3214.9,3832.89770617
2024-04-30,3217.3,3249.8,2912.7,3011.6,5149.57695684
2024-05-01,3011.8,3019.8,2815.2,2969.7,10520.01225519
2024-05-02,2968.1,3016.0,2890.8,2986.1,3664.56315361
2024-05-03,2987.0,3128.2,2959.5,3104.2,3427.96349127
2024-05-04,3104.5,3166.3,3096.1,3117.5,2194.23357711
2024-05-05,3117.5,3172.3,3075.5,3137.0,2297.81396786
2024-05-06,3136.9,3221.5,3047.2,3062.7,5960.30200467
2024-05-07,3062.9,3128.4,2999.7,3006.3,2707.48077454
2024-05-08,3003.8,3037.1,2939.6,2973.6,6604.81740168
2024-05-09,2973.3,3058.7,2950.4,3036.0,6987.56636105
2024-05-10,3036.1,3053.2,2879.4,2909.4,5833.9147019
2024-05-11,2908.8,2944.3,2886.4,2911.9,1211.4248027
2024-05-12,2910.8,2953.5,2901.5,2928.0,2297.2852619
2024-05-13,2927.9,2994.1,2864.8,2950.3,10638.55040899
2024-05-14,2950.2,2959.3,2860.4,2880.7,3831.37845405
2024-05-15,2882.1,3041.8,2864.4,3035.1,4883.34973149
2024-05-16,3033.5,3041.8,2924.7,2945.5,3298.16726862
2024-05-17,2945.3,3120.6,2933.7,3093.5,3368.73065463
2024-05-18,3093.2,3144.8,3086.5,3123.4,1271.74423708
2024-05-19,3124.5,3137.2,3054.0,3070.9,1747.70869107
2024-05-20,3071.0,3692.5,3049.3,3662.1,20734.33707255
2024-05-21,3667.4,3839.1,3626.7,3790.6,17988.38564616
2024-05-22,3789.2,3812.0,3654.0,3736.4,10488.34750114
2024-05-23,3741.2,3941.0,3531.0,3781.9,16497.21426015
2024-05-24,3780.5,3826.1,3629.2,3727.2,5537.11676088
2024-05-25,3727.2,3776.5,3708.8,3749.3,2221.17122322
2024-05-26,3749.2,3881.6,3733.1,3824.6,3988.02914916
2024-05-27,3824.3,3974.1,3822.3,3890.9,8446.31650348
2024-05-28,3890.3,3925.8,3770.0,3840.6,4976.22383794
2024-05-29,3843.1,3882.0,3741.8,3762.2,5106.33114472
2024-05-30,3761.9,3823.9,3701.7,3747.0,3733.58981802
2024-05-31,3747.9,3844.2,3722.0,3758.6,6116.90884907
2024-06-01,3758.6,3830.0,3748.7,3813.2,1255.28560541
2024-06-02,3814.5,3835.9,3751.2,3778.7,2468.39934828
2024-06-03,3778.2,3849.6,3758.6,3766.3,2209.59953666
2024-06-04,3765.2,3831.9,3729.6,3810.8,3504.32714616
2024-06-05,3810.4,3887.9,3779.4,3864.8,4493.69282112
2024-06-06,3866.2,3878.9,3759.5,3812.5,3579.81529033
2024-06-07,3812.1,3838.8,3585.0,3676.8,7420.87459198
2024-06-08,3672.5,3707.6,3660.0,3680.6,1297.66927154
2024-06-09,3680.6,3721.0,3668.1,3706.0,908.34683514
2024-06-10,3706.3,3712.7,3644.4,3666.2,2402.23850031
2024-06-11,3666.1,3671.1,3430.0,3497.4,11175.58109541
2024-06-12,3497.0,3655.9,3464.2,3558.7,5407.1578078
2024-06-13,3558.9,3560.4,3427.0,3468.3,5909.88792014
2024-06-14,3468.0,3530.0,3362.0,3480.4,5121.4037532
2024-06-15,3479.6,3591.0,3471.1,3567.0,3482.42397685
2024-06-16,3566.5,3650.0,3539.6,3622.2,7428.10633245
2024-06-17,3622.2,3636.7,3464.5,3510.1,8191.05384789
2024-06-18,3510.1,3516.1,3352.3,3483.2,5981.90007975
2024-06-19,3482.2,3585.8,3465.4,3559.3,3852.44285304
2024-06-20,3559.1,3623.7,3484.8,3511.0,5111.12246118
2024-06-21,3510.9,3545.2,3446.0,3517.1,4434.03675798
2024-06-22,3517.5,3519.7,3474.1,3494.2,1155.42636427
2024-06-23,3494.1,3519.0,3405.3,3418.7,3178.64853532
2024-06-24,3416.6,3432.4,3232.2,3350.3,10126.79741206
2024-06-25,3350.4,3425.9,3335.1,3394.1,6165.95186477
2024-06-26,3394.1,3425.2,3324.7,3369.2,3463.83395878
2024-06-27,3369.4,3473.6,3359.6,3445.8,5686.66975414
2024-06-28,3445.6,3485.5,3362.0,3373.8,4413.98402954
2024-06-29,3375.2,3402.1,3366.9,3373.3,524.32988699
2024-06-30,3372.3,3454.9,3347.7,3431.7,1351.0583822
2024-07-01,3433.3,3516.5,3423.6,3440.5,6654.58008199
2024-07-02,3439.7,3460.8,3397.6,3416.6,1411.40927941
2024-07-03,3416.7,3426.4,3250.0,3291.7,3587.86647448
2024-07-04,3292.8,3309.4,3051.8,3059.0,4587.21748441
2024-07-05,3058.0,3107.2,2811.0,2982.2,10341.44046007
2024-07-06,2981.8,3081.6,2956.6,3067.3,3148.19416139
2024-07-07,3069.0,3072.9,2921.9,2930.6,2210.61113701
2024-07-08,2930.5,3093.8,2824.0,3018.8,7019.90435308
2024-07-09,3018.4,3111.8,3004.2,3066.8,7942.72203424
2024-07-10,3066.3,3150.4,3025.9,3102.7,3896.56082548
2024-07-11,3100.8,3213.6,3056.2,3098.7,3097.99668291
2024-07-12,3099.5,3158.2,3048.9,3134.0,2324.81153794
2024-07-13,3135.8,3202.1,3114.2,3176.6,1812.78863689
2024-07-14,3177.6,3269.0,3164.6,3246.0,2290.08814031
2024-07-15,3246.2,3494.2,3235.7,3485.9,5803.32641495
2024-07-16,3485.2,3499.1,3350.0,3444.3,5371.75981862
2024-07-17,3447.5,3517.2,3378.3,3387.5,3053.41695997
2024-07-18,3387.2,3490.2,3368.5,3425.5,3164.03996812
2024-07-19,3425.5,3541.5,3376.7,3506.2,6520.96798644
2024-07-20,3506.2,3540.7,3481.7,3518.4,1084.70858423
2024-07-21,3520.8,3546.3,3414.0,3536.1,1740.49038254
2024-07-22,3537.0,3562.6,3426.0,3441.9,3232.88227265
2024-07-23,3440.8,3540.2,3393.0,3483.5,9721.47405667
2024-07-24,3483.4,3487.8,3299.9,3335.4,11798.27965452
2024-07-25,3335.3,3340.9,3087.7,3174.2,9848.54839077
2024-07-26,3174.7,3285.4,3171.0,3275.3,6350.80899525
2024-07-27,3274.9,3327.1,3195.0,3247.1,1981.18377083
2024-07-28,3248.3,3283.0,3201.0,3272.2,1250.56208716
2024-07-29,3270.1,3396.2,3259.0,3319.4,6428.60923805
2024-07-30,3320.9,3365.6,3234.0,3278.5,2354.27617541
2024-07-31,3278.2,3348.2,3214.1,3230.9,4506.92049242
2024-08-01,3231.7,3241.9,3077.0,3200.9,6916.35472759
2024-08-02,3200.8,3215.3,2964.3,2986.2,5435.16440104
2024-08-03,2986.1,3015.7,2859.9,2901.4,2967.81135787
2024-08-04,2901.7,2930.9,2626.7,2688.6,5881.47005624
2024-08-05,2687.8,2695.8,2112.0,2420.1,24458.20902487
2024-08-06,2420.8,2555.0,2417.6,2463.0,6867.02743465
2024-08-07,2461.7,2554.6,2310.1,2343.2,7011.88916416
2024-08-08,2343.4,2724.5,2321.2,2683.9,9418.2359017
2024-08-09,2683.5,2706.9,2554.1,2599.7,6152.86785276
2024-08-10,2599.0,2643.6,2580.7,2610.2,986.63727709
2024-08-11,2610.5,2720.7,2542.8,2555.5,8455.92050412
2024-08-12,2553.0,2749.5,2511.0,2722.8,7183.6192705
2024-08-13,2723.2,2738.1,2613.3,2703.4,5365.18567373
2024-08-14,2703.7,2780.0,2636.2,2662.0,7430.63608876
2024-08-15,2662.0,2675.0,2516.9,2569.5,5721.57993
2024-08-16,2570.4,2630.4,2552.5,2593.2,2304.61099155
2024-08-17,2593.6,2627.6,2588.3,2614.7,1055.69238683
2024-08-18,2614.6,2686.5,2597.0,2611.4,3050.63501112
2024-08-19,2611.0,2647.9,2565.6,2638.2,4628.04371184
2024-08-20,2638.4,2696.5,2555.2,2572.9,6731.95114103
2024-08-21,2572.5,2663.9,2537.0,2631.2,2884.67360633
2024-08-22,2631.1,2644.9,2587.6,2623.1,2177.21148277
2024-08-23,2623.8,2800.6,2622.4,2764.1,8586.20495716
2024-08-24,2764.4,2820.5,2733.1,2769.0,3187.21895204
2024-08-25,2769.6,2792.9,2735.5,2748.5,1754.98831923
2024-08-26,2748.6,2763.1,2668.4,2680.9,4365.60238664
2024-08-27,2680.8,2699.3,2395.3,2458.1,7013.50616575
2024-08-28,2458.2,2554.6,2420.5,2528.3,8215.15364197
2024-08-29,2528.4,2596.9,2505.8,2528.2,4924.91373688
2024-08-30,2526.8,2551.2,2430.8,2525.3,5943.5246136
2024-08-31,2525.8,2533.7,2492.5,2512.8,1225.42301444
2024-09-01,2512.8,2515.8,2398.8,2425.9,2971.98063435
2024-09-02,2423.6,2563.5,2423.6,2538.3,2997.73678329
2024-09-03,2538.7,2552.0,2414.0,2422.3,3452.85094808
2024-09-04,2425.8,2489.6,2307.6,2450.0,3792.51391982
2024-09-05,2451.0,2465.7,2348.9,2367.3,3313.74210721
2024-09-06,2367.9,2407.4,2150.0,2223.5,9389.21699786
2024-09-07,2224.1,2310.1,2222.4,2273.0,1656.20812746
2024-09-08,2273.0,2332.7,2244.5,2295.9,2081.06815685
2024-09-09,2296.1,2381.0,2272.9,2360.1,8340.94744473
2024-09-10,2360.2,2397.8,2323.0,2388.2,5429.17698755
2024-09-11,2388.3,2388.9,2280.5,2340.5,3880.17543893
2024-09-12,2339.9,2391.7,2315.8,2361.9,4900.51986046
2024-09-13,2361.8,2464.8,2338.2,2441.8,8770.33396731
2024-09-14,2441.3,2442.0,2378.0,2418.2,1897.12268901
2024-09-15,2417.9,2430.6,2287.1,2317.3,3875.96166324
2024-09-16,2313.4,2334.3,2254.6,2295.1,7212.4544075
2024-09-17,2295.3,2393.8,2264.1,2341.4,6072.11299398
2024-09-18,2342.0,2374.8,2278.5,2374.4,7968.54240178
2024-09-19,2375.6,2495.2,2373.4,2465.1,9426.56042361
2024-09-20,2466.2,2571.5,2438.6,2560.2,6099.11277992
2024-09-21,2562.3,2623.4,2530.6,2614.5,1653.26969636
2024-09-22,2614.0,2631.3,2529.3,2581.2,1170.04173125
2024-09-23,2582.0,2703.8,2548.4,2646.8,4398.8065845
2024-09-24,2647.1,2670.9,2593.0,2652.9,2298.9457455
2024-09-25,2653.4,2672.6,2555.0,2579.6,2271.53056988
2024-09-26,2580.0,2666.0,2560.1,2631.1,3664.0687497
2024-09-27,2632.5,2728.2,2616.3,2696.0,6025.45718625
2024-09-28,2695.6,2704.7,2651.8,2675.6,980.30660692
2024-09-29,2676.4,2683.4,2635.0,2658.6,811.90783168
2024-09-30,2655.3,2663.1,2576.0,2601.4,6354.51905728
2024-10-01,2601.3,2657.1,2414.0,2448.7,6880.54638142
2024-10-02,2446.3,2498.7,2352.0,2364.0,7130.83279748
2024-10-03,2363.6,2401.3,2308.4,2350.3,4450.72554057
2024-10-04,2350.1,2440.4,2339.1,2414.4,2593.09954104
2024-10-05,2414.7,2426.9,2389.8,2414.7,821.33398979
2024-10-06,2415.0,2455.6,2407.0,2439.9,3180.38371644
2024-10-07,2439.5,2520.0,2403.6,2421.8,6700.63595299
2024-10-08,2423.3,2463.9,2401.4,2439.6,2852.37612798
2024-10-09,2439.1,2470.9,2348.8,2367.8,4514.39076846
2024-10-10,2367.3,2418.5,2328.3,2384.2,4793.80601538
2024-10-11,2384.2,2470.6,2379.9,2437.6,6438.18343207
2024-10-12,2438.1,2489.1,2433.5,2475.9,2205.93360624
2024-10-13,2475.9,2483.2,2436.4,2468.0,2215.11129936
2024-10-14,2468.3,2652.9,2442.6,2629.3,10288.66495717
2024-10-15,2628.6,2686.9,2537.7,2607.0,8414.70698569
2024-10-16,2606.7,2645.3,2589.2,2610.6,6386.33817635
2024-10-17,2611.2,2646.6,2575.0,2604.9,6217.1449507
2024-10-18,2604.7,2675.3,2595.2,2641.7,6597.28749924
2024-10-19,2640.7,2662.4,2631.0,2647.5,1004.65990668
2024-10-20,2648.1,2757.8,2635.4,2746.1,2948.02968823
2024-10-21,2746.1,2767.5,2654.5,2665.3,5609.74158116
2024-10-22,2665.3,2670.2,2605.0,2620.9,4585.68777052
2024-10-23,2621.1,2625.7,2450.0,2522.4,8699.47688783
2024-10-24,2522.4,2558.6,2506.4,2533.9,9816.69507083
2024-10-25,2534.1,2563.5,2379.9,2438.4,20834.16388951
2024-10-26,2434.3,2502.6,2425.8,2479.6,5570.78849209
2024-10-27,2479.5,2523.6,2460.7,2505.4,5000.56623543
2024-10-28,2505.8,2587.0,2469.2,2564.9,10428.77872524
2024-10-29,2565.3,2680.9,2559.5,2637.8,15203.58995517
2024-10-30,2638.0,2720.8,2599.9,2657.7,10578.9752688
2024-10-31,2657.7,2667.1,2500.0,2515.3,6285.40142902
2024-11-01,2514.0,2585.0,2466.4,2510.5,6967.85444635
2024-11-02,2510.1,2522.1,2469.7,2493.4,2636.0027636
2024-11-03,2492.9,2495.4,2409.8,2456.5,5707.62425288
2024-11-04,2456.6,2488.3,2356.9,2396.9,9759.28480692
2024-11-05,2395.1,2478.9,2379.7,2421.8,5889.96110113
2024-11-06,2422.3,2746.5,2421.5,2724.4,23962.81802088
2024-11-07,2724.4,2920.4,2701.6,2896.4,20337.7499575
2024-11-08,2897.8,2984.9,2887.2,2963.6,17742.76788938
2024-11-09,2963.6,3158.0,2956.9,3128.4,7195.3848408
2024-11-10,3127.9,3251.8,3070.9,3186.8,10657.4395866
2024-11-11,3187.4,3391.3,3109.3,3375.8,14989.29630545
2024-11-12,3376.0,3447.6,3210.8,3246.6,22064.661495
2024-11-13,3247.5,3338.9,3121.4,3191.5,13120.11192508
2024-11-14,3191.7,3241.8,3028.3,3059.5,7902.35613414
2024-11-15,3057.7,3131.3,3015.3,3091.4,9037.94491005
2024-11-16,3090.1,3215.5,3073.3,3134.1,2577.73574208
2024-11-17,3135.5,3161.0,3039.0,3076.0,4486.60472209
2024-11-18,3076.2,3225.0,3051.3,3209.4,9078.01925801
2024-11-19,3209.5,3222.5,3070.4,3111.0,8855.7489573
2024-11-20,3110.3,3161.3,3031.8,3072.5,8624.51156622
2024-11-21,3072.3,3390.0,3005.8,3359.6,19030.48952062
2024-11-22,3359.5,3429.2,3262.3,3331.5,16225.02864354
2024-11-23,3332.0,3500.4,3316.4,3396.9,13199.82048779
2024-11-24,3397.2,3451.2,3286.7,3363.6,4563.50490178
2024-11-25,3365.7,3546.3,3305.7,3412.9,19832.88795246
2024-11-26,3412.1,3461.7,3254.0,3323.0,19399.29540241
2024-11-27,3323.6,3688.0,3303.7,3657.9,38439.51016473
2024-11-28,3660.4,3665.1,3532.1,3579.3,18706.0240534
2024-11-29,3579.3,3648.9,3538.3,3594.3,13646.58018213
2024-11-30,3594.1,3740.0,3574.5,3706.3,8170.46454798
2024-12-01,3706.1,3747.9,3661.9,3710.1,3377.91942952
2024-12-02,3711.8,3761.7,3556.2,3645.1,19115.32504823
2024-12-03,3644.7,3670.5,3500.7,3619.0,11655.04417816
2024-12-04,3618.1,3900.0,3617.5,3844.2,30115.90877547
2024-12-05,3844.0,3958.9,3672.0,3791.2,21516.11726829
2024-12-06,3788.0,4097.4,3786.3,4006.7,12487.21970349
2024-12-07,4004.7,4031.5,3974.3,4000.1,8347.93917896
2024-12-08,3997.9,4017.9,3926.7,4007.4,3600.61311826
2024-12-09,4008.2,4008.2,3490.1,3722.0,18375.80363864
2024-12-10,3713.2,3782.7,3514.1,3630.7,10120.72760128
2024-12-11,3630.4,3852.1,3566.1,3834.7,8124.20314755
2024-12-12,3834.7,3989.7,3800.0,3882.8,8261.84458924
2024-12-13,3882.6,3967.5,3855.0,3909.4,2311.91439124
2024-12-14,3908.0,3944.6,3825.1,3870.8,1629.06669221
2024-12-15,3869.7,3973.5,3832.8,3956.0,6102.62330505
2024-12-16,3960.0,4108.4,3885.0,3988.8,9256.8188193
2024-12-17,3991.2,4041.6,3849.2,3894.4,8166.52169664
2024-12-18,3893.4,3906.5,3616.3,3625.6,10037.82402398
2024-12-19,3624.9,3717.4,3325.0,3415.4,18087.90889899
2024-12-20,3420.7,3497.8,3097.1,3471.3,15593.55754457
2024-12-21,3468.8,3553.8,3292.6,3339.5,6104.77491319
2024-12-22,3337.7,3398.6,3218.7,3278.4,6955.87698906
2024-12-23,3278.4,3462.4,3217.0,3417.7,10495.99353028
2024-12-24,3415.3,3537.3,3353.8,3492.3,4861.70601273
2024-12-25,3489.1,3544.2,3439.6,3495.2,2714.00701748
2024-12-26,3495.1,3510.5,3301.8,3332.1,7518.60837828
2024-12-27,3331.1,3435.9,3303.1,3327.5,9215.15033727
2024-12-28,3329.3,3421.0,3317.7,3398.7,4927.44482325
2024-12-29,3399.9,3406.5,3317.4,3349.1,4550.97238543
2024-12-30,3347.6,3429.8,3295.9,3355.6,10791.40666345
2024-12-31,3355.7,3444.3,3311.1,3331.3,3348.95293915
2025-01-01,3330.8,3366.6,3309.2,3354.4,4228.10345708
2025-01-02,3353.7,3505.5,3348.4,3452.1,2789.76022283
2025-01-03,3452.5,3628.7,3420.9,3605.1,4788.88041574
2025-01-04,3609.2,3669.3,3572.0,3656.3,6450.48229644
2025-01-05,3656.5,3674.3,3595.2,3635.5,2202.75091159
2025-01-06,3635.9,3744.6,3611.0,3688.9,12564.22598646
2025-01-07,3686.4,3699.4,3358.0,3380.9,6819.39614515
2025-01-08,3379.7,3414.0,3207.1,3326.5,5139.15357633
2025-01-09,3326.7,3356.3,3157.9,3219.4,4804.63612039
2025-01-10,3219.0,3321.6,3198.3,3266.6,3103.38417813
2025-01-11,3266.0,3317.7,3219.4,3282.6,2146.19308293
2025-01-12,3282.2,3297.9,3223.0,3265.6,3139.63365749
2025-01-13,3266.3,3336.4,2919.5,3137.0,20132.01885042
2025-01-14,3137.6,3255.0,3127.1,3223.3,7130.09227863
2025-01-15,3224.4,3474.3,3185.2,3452.2,8974.83508469
2025-01-16,3451.5,3459.5,3265.7,3306.0,7294.17961204
2025-01-17,3309.3,3526.7,3307.6,3474.6,8446.20936699
2025-01-18,3475.5,3495.8,3227.0,3305.2,10814.37515587
2025-01-19,3304.1,3445.3,3127.0,3211.8,15520.18956842
2025-01-20,3210.1,3448.7,3140.5,3280.3,12670.28690966
2025-01-21,3277.5,3368.3,3201.5,3327.6,9588.1192117
2025-01-22,3330.5,3365.1,3222.1,3239.8,7676.30734227
2025-01-23,3238.4,3346.6,3183.0,3339.1,6448.56804778
2025-01-24,3341.4,3427.4,3275.9,3311.0,6021.69432698
2025-01-25,3309.7,3350.0,3269.7,3317.9,2165.65298635
2025-01-26,3320.9,3359.6,3229.5,3231.3,3371.92050419
2025-01-27,3228.0,3251.5,3024.0,3181.9,16821.74301423
2025-01-28,3181.7,3224.9,3039.0,3075.8,4970.19146861
2025-01-29,3077.6,3181.1,3055.0,3114.2,4377.18334445
2025-01-30,3114.3,3283.1,3092.2,3247.8,5651.86284548
2025-01-31,3247.2,3437.9,3214.0,3300.1,8634.67643534
2025-02-01,3299.5,3331.5,3101.6,3116.8,3380.51704713
2025-02-02,3115.0,3162.5,2751.0,2869.1,14960.17996076
2025-02-03,2869.6,2923.0,2118.0,2883.2,46609.82125989
2025-02-04,2883.1,2891.4,2633.9,2731.4,28393.92306441
2025-02-05,2731.5,2827.5,2700.1,2788.7,18123.51419583
2025-02-06,2788.6,2857.0,2655.3,2687.0,18291.88811049
2025-02-07,2687.4,2798.5,2564.2,2623.5,11100.25994478
2025-02-08,2622.8,2666.8,2589.0,2633.0,38899.79906123
2025-02-09,2633.2,2698.6,2524.0,2628.6,10286.47001115
2025-02-10,2627.2,2693.6,2563.7,2661.7,6630.57754143
2025-02-11,2661.6,2725.0,2560.5,2601.7,9253.95410812
2025-02-12,2601.1,2795.0,2548.6,2738.0,11834.52128994
2025-02-13,2738.9,2757.8,2613.6,2676.0,7220.42011177
2025-02-14,2676.0,2792.2,2665.2,2725.7,6782.85041018
2025-02-15,2726.6,2739.0,2666.5,2693.8,3019.37615668
2025-02-16,2693.7,2725.7,2653.4,2661.6,2585.91038618
2025-02-17,2660.8,2849.5,2638.5,2743.6,9503.76207414
2025-02-18,2743.6,2756.1,2605.0,2670.1,13885.60442574
2025-02-19,2670.1,2735.9,2655.5,2715.4,8287.12940417
2025-02-20,2715.4,2770.2,2707.9,2738.5,5605.99824924
2025-02-21,2738.6,2844.6,2614.9,2660.5,26490.31372739
2025-02-22,2661.1,2797.7,2652.4,2763.4,12466.06041915
2025-02-23,2763.4,2865.0,2746.0,2819.1,8957.1291272
2025-02-24,2819.4,2838.8,2472.9,2513.2,21009.44104808
2025-02-25,2513.3,2530.5,2317.4,2491.9,46561.30575615
2025-02-26,2492.6,2503.6,2253.0,2332.2,9405.40196366
2025-02-27,2333.5,2378.6,2229.0,2305.3,7994.74077255
2025-02-28,2305.4,2312.0,2074.0,2235.8,31463.93049357
2025-03-01,2236.8,2279.8,2143.4,2216.5,6972.21626315
2025-03-02,2215.5,2551.4,2172.5,2518.1,30555.15144329
2025-03-03,2518.3,2523.2,2093.1,2147.5,18407.265125
2025-03-04,2146.9,2221.5,1990.6,2171.0,43071.7843738
2025-03-05,2170.1,2272.2,2155.2,2241.5,15003.06031417
2025-03-06,2240.8,2320.2,2176.9,2202.5,10370.70443928
2025-03-07,2203.5,2258.0,2103.0,2140.8,12781.17804213
2025-03-08,2138.1,2231.7,2108.3,2203.0,5774.89781721
2025-03-09,2203.0,2211.2,1985.4,2019.6,18758.16731478
2025-03-10,2020.1,2147.1,1810.0,1864.3,46885.14608239
2025-03-11,1865.7,1961.8,1754.2,1922.2,18260.87095819
2025-03-12,1923.0,1955.7,1829.3,1908.0,13624.31349027
2025-03-13,1908.0,1918.7,1822.3,1863.7,12990.72169006
2025-03-14,1864.0,1945.5,1825.4,1911.7,11385.63770475
2025-03-15,1911.6,1956.6,1903.8,1937.4,2849.62443311
2025-03-16,1937.4,1941.0,1862.2,1887.5,4459.44986594
2025-03-17,1887.0,1951.9,1880.0,1926.4,7095.22207117
2025-03-18,1926.4,1935.7,1873.2,1931.2,6596.81991577
2025-03-19,1931.2,2070.5,1927.8,2056.8,13218.0099415
2025-03-20,2058.2,2067.9,1952.1,1982.6,7623.60438191
2025-03-21,1982.6,1995.4,1935.6,1965.2,6849.36225046
2025-03-22,1965.2,2005.3,1964.1,1980.6,2334.53821043
2025-03-23,1979.8,2020.0,1976.8,2005.9,3513.50239206
2025-03-24,2003.7,2103.3,1978.4,2081.1,7216.48191181
2025-03-25,2081.5,2095.1,2037.9,2066.5,5865.24931756
2025-03-26,2066.8,2078.8,1981.5,2009.6,7990.14857374
2025-03-27,2009.6,2037.1,1987.7,2003.2,8338.97576601
2025-03-28,2003.1,2015.7,1859.2,1896.0,15001.63757727
2025-03-29,1896.1,1911.9,1777.0,1827.2,4386.88795793
2025-03-30,1827.8,1847.9,1768.1,1806.7,4706.47509827
2025-03-31,1807.3,1852.7,1777.9,1821.8,6678.28183494
2025-04-01,1821.0,1927.3,1817.9,1905.6,16098.34798024
2025-04-02,1905.1,1952.9,1782.4,1795.4,18039.72924801
2025-04-03,1794.7,1841.1,1750.0,1815.5,10657.92497237
2025-04-04,1816.7,1834.5,1758.8,1815.7,4877.42414275
2025-04-05,1816.5,1826.3,1763.1,1805.4,2436.62781501
2025-04-06,1805.0,1815.7,1538.0,1579.2,31191.78263209
2025-04-07,1580.0,1636.7,1411.2,1551.0,24242.44185708
2025-04-08,1552.2,1617.5,1432.0,1471.9,18323.61124326
2025-04-09,1472.3,1687.2,1385.7,1668.9,16415.58921175
2025-04-10,1668.9,1668.9,1473.0,1521.6,11264.36924419
2025-04-11,1521.1,1590.1,1505.2,1567.2,8344.91420013
2025-04-12,1566.3,1668.5,1545.9,1643.9,8199.54633377
2025-04-13,1643.9,1648.8,1563.1,1596.8,7213.28812904
2025-04-14,1597.2,1690.5,1595.2,1623.7,10236.45743186
2025-04-15,1623.6,1660.7,1585.0,1588.9,5496.20317648
2025-04-16,1588.8,1613.2,1539.4,1576.9,8963.40290881
2025-04-17,1577.2,1616.0,1564.2,1583.9,5755.7504112
2025-04-18,1584.0,1600.5,1574.0,1588.4,3353.05391337
2025-04-19,1588.4,1630.1,1585.0,1612.5,12323.12205937
2025-04-20,1612.8,1618.5,1565.7,1587.4,17191.98129544
2025-04-21,1587.4,1657.6,1563.8,1579.6,10951.66855345
2025-04-22,1579.5,1777.9,1540.0,1756.7,22977.64845634
2025-04-23,1757.2,1835.0,1746.0,1796.0,21854.48957473
2025-04-24,1795.7,1802.9,1723.9,1770.1,8113.03864954
2025-04-25,1770.5,1827.3,1740.0,1786.5,15863.41051755
2025-04-26,1785.7,1841.1,1780.4,1821.0,3628.39412734
2025-04-27,1821.1,1855.7,1783.9,1792.3,4641.97371388
2025-04-28,1791.9,1828.0,1746.8,1800.2,10247.33553408
2025-04-29,1801.0,1842.6,1781.6,1798.9,7794.04733939
2025-04-30,1798.1,1816.9,1733.2,1794.0,6917.49954208
2025-05-01,1794.1,1873.2,1792.7,1839.0,5500.69498464
2025-05-02,1838.2,1870.0,1814.9,1843.0,3454.01490625
2025-05-03,1842.1,1849.0,1811.0,1834.2,2079.99250199
2025-05-04,1834.1,1849.4,1803.9,1808.7,1576.6278248
2025-05-05,1808.3,1832.6,1783.2,1820.2,2954.98083819
2025-05-06,1820.1,1820.3,1753.2,1816.4,3428.15622526
2025-05-07,1816.8,1849.3,1788.0,1811.6,5599.89341779
2025-05-08,1811.3,2225.0,1809.1,2208.4,21528.12424801
2025-05-09,2206.8,2489.2,2184.6,2344.8,23224.94717748
2025-05-10,2344.7,2600.0,2317.9,2585.2,11404.13028785
2025-05-11,2584.5,2606.5,2437.1,2512.7,8248.44227895
2025-05-12,2514.6,2624.5,2407.5,2495.5,13935.46530525
2025-05-13,2495.5,2738.9,2415.9,2680.3,15759.77657271
2025-05-14,2679.5,2720.0,2549.0,2610.2,6236.7682269
2025-05-15,2610.1,2646.0,2478.8,2548.7,8208.43669006
2025-05-16,2549.9,2649.0,2530.4,2536.5,10654.35987549
2025-05-17,2537.4,2537.4,2447.5,2476.2,5332.48239231
2025-05-18,2477.2,2587.7,2325.0,2499.6,11355.72938957
2025-05-19,2499.4,2547.3,2349.5,2529.2,17878.45852162
2025-05-20,2528.6,2587.9,2442.4,2524.6,10468.60291592
2025-05-21,2525.7,2616.2,2454.0,2552.1,16841.32168338
2025-05-22,2552.4,2692.2,2547.3,2665.8,9221.15160639
2025-05-23,2663.3,2734.0,2500.0,2527.0,18363.7239836
2025-05-24,2526.6,2576.5,2515.8,2531.1,3618.16177805
2025-05-25,2531.7,2555.5,2465.4,2552.3,4611.29537686
2025-05-26,2553.4,2600.6,2526.7,2564.8,4576.48725292
2025-05-27,2564.6,2713.8,2512.0,2662.2,10990.15091589
2025-05-28,2661.6,2690.0,2611.7,2682.3,7583.09985464
2025-05-29,2682.5,2789.0,2619.6,2632.5,10677.61442778
2025-05-30,2631.5,2648.0,2510.0,2532.2,7092.30057631
2025-05-31,2531.0,2551.8,2479.7,2529.4,4944.78743593
2025-06-01,2529.4,2548.6,2464.5,2539.2,4924.797122
2025-06-02,2540.3,2616.8,2476.6,2608.6,10673.40970075
2025-06-03,2608.9,2657.3,2581.6,2594.9,17682.41367392
2025-06-04,2593.8,2680.0,2585.3,2609.0,6467.36888073
2025-06-05,2609.1,2643.0,2391.8,2415.5,19126.15599191
2025-06-06,2415.3,2531.9,2385.1,2478.1,12306.90397619
2025-06-07,2478.3,2546.1,2458.9,2525.9,3504.0011013
2025-06-08,2526.0,2549.0,2494.4,2510.7,3017.60975039
2025-06-09,2510.1,2695.0,2479.0,2681.3,9173.70531171
2025-06-10,2681.1,2827.5,2656.7,2816.7,20178.65213652
2025-06-11,2816.3,2880.3,2743.9,2772.5,8603.41906721
2025-06-12,2772.2,2784.6,2618.0,2645.2,10752.2086165
2025-06-13,2644.1,2644.2,2439.9,2580.3,15394.45813599
2025-06-14,2579.9,2580.3,2490.9,2532.5,6864.43535832
2025-06-15,2532.9,2559.3,2489.9,2548.0,6088.3250986
2025-06-16,2548.5,2681.1,2516.2,2537.4,15051.6983003
2025-06-17,2545.2,2618.1,2436.4,2509.9,12297.18095434
2025-06-18,2510.4,2548.6,2466.5,2524.7,8277.00193526
2025-06-19,2525.5,2546.9,2485.5,2521.3,7123.09160244
2025-06-20,2522.2,2569.4,2366.7,2407.6,10760.83101385
2025-06-21,2407.2,2448.6,2218.6,2295.7,8342.74756191
2025-06-22,2299.1,2313.9,2115.6,2229.1,12266.32588463
2025-06-23,2228.6,2439.2,2190.3,2413.6,15428.36638874
2025-06-24,2413.9,2482.8,2379.1,2449.8,13204.6090905
2025-06-25,2449.9,2468.3,2392.0,2419.9,7011.15276738
2025-06-26,2420.3,2521.1,2395.5,2417.3,8556.22919316
2025-06-27,2417.1,2465.8,2384.5,2424.3,16999.53988151
2025-06-28,2424.6,2448.8,2407.3,2437.1,3219.58916709
2025-06-29,2437.7,2525.0,2413.9,2501.4,4676.79070189
2025-06-30,2501.5,2523.6,2432.6,2486.0,11587.75069262
2025-07-01,2486.1,2500.9,2385.1,2405.7,6001.78809559
2025-07-02,2405.7,2619.0,2374.6,2571.5,19856.5207118
2025-07-03,2571.3,2636.8,2558.2,2592.0,9313.85482264
2025-07-04,2592.5,2603.3,2475.4,2508.7,7508.12442036
2025-07-05,2508.6,2529.4,2488.8,2517.0,3746.59640069
2025-07-06,2517.9,2605.5,2504.2,2571.0,4376.35239509
2025-07-07,2571.3,2590.5,2514.4,2542.6,6248.68963325
2025-07-08,2542.3,2628.5,2523.8,2616.1,11791.97049633
2025-07-09,2616.7,2795.5,2591.0,2769.9,11441.42033862
2025-07-10,2769.9,3000.7,2756.5,2951.1,19432.92244765
2025-07-11,2951.4,3039.7,2915.1,2959.3,15819.26022818
2025-07-12,2959.4,2980.6,2905.5,2944.2,6978.51784678
2025-07-13,2944.6,3020.9,2937.4,2973.7,7812.23326278
2025-07-14,2974.1,3082.5,2965.0,3014.7,14080.16027539
2025-07-15,3014.6,3143.2,2927.2,3140.0,13511.28545575
2025-07-16,3138.6,3425.0,3101.8,3373.2,20910.01338521
2025-07-17,3373.0,3526.8,3312.0,3480.0,20382.55428181
2025-07-18,3479.8,3676.2,3463.5,3549.0,26152.97553951
2025-07-19,3549.6,3610.6,3509.8,3593.9,4958.57405858
2025-07-20,3594.4,3825.7,3581.9,3758.5,11699.65715015
2025-07-21,3759.4,3859.3,3704.0,3763.3,11228.19942368
2025-07-22,3765.6,3799.8,3620.0,3748.3,10997.98562468
2025-07-23,3748.3,3765.7,3529.8,3630.3,14989.89186717
2025-07-24,3629.7,3773.5,3508.2,3708.0,16214.47285694
2025-07-25,3708.8,3746.4,3576.5,3725.8,16387.48816914
2025-07-26,3725.7,3794.3,3679.9,3741.6,4981.68399556
2025-07-27,3744.1,3880.3,3733.3,3874.0,4817.07014426
2025-07-28,3870.1,3940.5,3751.2,3797.8,15617.71588355
2025-07-29,3799.1,3884.9,3716.9,3793.4,8408.47928041
2025-07-30,3792.9,3833.3,3675.8,3809.0,8447.66698284
2025-07-31,3807.4,3878.3,3684.7,3698.2,7538.9498291
2025-08-01,3698.0,3723.1,3428.9,3487.4,16910.53774965
2025-08-02,3486.5,3536.7,3368.0,3392.7,11113.99489299
2025-08-03,3392.7,3521.7,3355.9,3497.5,5633.45993919
2025-08-04,3497.7,3737.4,3491.8,3721.2,10680.60656487
2025-08-05,3721.2,3721.2,3539.0,3611.0,10394.91989189
2025-08-06,3611.3,3698.4,3563.7,3683.6,10682.52559133
2025-08-07,3683.3,3927.9,3648.4,3911.2,22871.31650674
2025-08-08,3911.2,4070.0,3881.0,4009.8,48506.01816913
2025-08-09,4010.4,4325.6,4007.4,4262.8,29811.35902308
2025-08-10,4262.8,4332.7,4159.5,4251.6,17911.36294681
2025-08-11,4251.6,4365.8,4165.5,4224.2,23008.43374654
2025-08-12,4224.2,4638.3,4220.0,4590.5,31154.30477584
2025-08-13,4590.2,4786.1,4565.7,4751.7,37880.03072745
2025-08-14,4751.2,4791.5,4455.0,4550.9,47526.73319793
2025-08-15,4550.8,4671.6,4370.9,4444.1,25475.7230879
2025-08-16,4443.4,4493.7,4376.8,4424.2,14122.29950434
2025-08-17,4425.1,4578.1,4398.7,4475.7,12144.05781523
2025-08-18,4475.0,4483.6,4228.8,4315.9,22545.96560456
2025-08-19,4315.9,4355.4,4067.6,4075.5,28195.77837615
2025-08-20,4075.8,4378.8,4064.1,4335.4,20875.28252728
2025-08-21,4335.1,4339.8,4204.3,4224.3,14523.67505376
2025-08-22,4223.7,4885.4,4207.0,4829.6,28047.68484409
2025-08-23,4829.5,4829.5,4658.7,4776.8,16451.25539111
2025-08-24,4776.6,4955.3,4708.6,4779.6,14304.59525246
2025-08-25,4780.9,4797.1,4336.9,4378.0,21727.6411538
2025-08-26,4376.5,4633.3,4314.3,4601.1,19381.22311202
2025-08-27,4602.1,4663.3,4479.1,4508.3,14507.26815703
2025-08-28,4507.7,4633.0,4430.0,4512.5,13782.10932581
2025-08-29,4512.4,4517.0,4259.6,4359.6,21854.44231346
2025-08-30,4361.0,4415.1,4258.9,4374.4,5653.98175383
2025-08-31,4374.1,4498.2,4374.0,4393.1,14569.26685117
2025-09-01,4391.6,4491.2,4212.2,4315.0,11617.94104845
2025-09-02,4314.8,4416.5,4257.7,4326.3,15770.23639377
2025-09-03,4326.7,4492.1,4283.5,4452.8,14886.64257151
2025-09-04,4452.7,4483.9,4265.9,4297.8,15951.21989903
2025-09-05,4298.1,4490.9,4127.8,4307.3,26897.28867233
2025-09-06,4307.2,4328.7,4238.2,4274.0,6834.15651212
2025-09-07,4274.3,4335.0,4270.9,4306.1,6035.98580702
2025-09-08,4304.6,4383.9,4278.4,4306.1,9296.48941827
2025-09-09,4306.1,4381.6,4277.5,4310.0,10110.70851293
2025-09-10,4309.9,4453.9,4285.1,4350.0,14635.43523364
2025-09-11,4350.4,4481.0,4339.8,4460.8,13226.23558063
2025-09-12,4460.9,4749.9,4452.4,4715.1,19433.22783933
2025-09-13,4715.2,4768.6,4607.8,4669.1,7273.91998208
2025-09-14,4669.1,4694.1,4580.5,4605.9,4185.85665145
2025-09-15,4605.9,4671.2,4465.0,4524.8,12183.93850312
2025-09-16,4524.5,4539.0,4426.1,4502.7,9846.70628156
2025-09-17,4502.7,4618.8,4380.0,4592.3,20764.24652727
2025-09-18,4592.5,4645.6,4555.2,4589.6,14349.89080414
2025-09-19,4589.6,4621.7,4439.0,4471.1,12688.91860474
2025-09-20,4471.0,4511.3,4456.4,4482.3,6781.7373112
2025-09-21,4482.3,4500.4,4417.8,4447.8,5216.30221064
2025-09-22,4446.3,4457.9,4059.2,4202.6,23180.99477042
2025-09-23,4202.6,4231.5,4117.5,4165.3,14124.65607495
2025-09-24,4165.3,4208.1,4075.2,4153.9,11501.8802245
2025-09-25,4154.3,4162.4,3820.0,3874.6,43358.81857781
2025-09-26,3876.1,4070.9,3869.7,4034.4,21003.5143355
2025-09-27,4034.3,4040.3,3974.8,4019.5,5531.88619625
2025-09-28,4020.7,4146.3,3964.44,4144.67,6379.74823974
2025-09-29,4143.89,4238.75,4077.55,4218.84,14979.979599
2025-09-30,4218.84,4249.38,4093.67,4145.29,12878.267524
2025-10-01,4146.07,4356.46,4124.39,4350.78,17990.960831
2025-10-02,4350.33,4529.64,4335.1,4487.79,18136.972938
2025-10-03,4487.36,4595.53,4431.95,4515.84,16291.549895
2025-10-04,4515.53,4521.69,4443.21,4490.24,6104.459594
2025-10-05,4490.61,4619.33,4469.6,4515.02,10866.243784
2025-10-06,4515.02,4738.43,4490.42,4685.98,19778.76899
2025-10-07,4685.98,4758.23,4428.83,4449.38,29034.369726
2025-10-08,4450.2,4559.3,4412.73,4527.76,22824.809383
2025-10-09,4527.48,4532.78,4268.95,4371.0,19828.026183
2025-10-10,4371.11,4396.47,3436.29,3836.7,39280.01459
2025-10-11,3835.4,3887.53,3648.48,3749.86,31171.107655
2025-10-12,3751.07,4201.45,3698.97,4156.76,31117.407031
2025-10-13,4156.59,4295.78,4041.32,4244.29,19546.936456
2025-10-14,4244.29,4266.99,3891.8,4126.87,41125.44382
2025-10-15,4126.73,4218.45,3930.07,3987.34,19438.434913
2025-10-16,3987.34,4087.11,3827.11,3895.15,14352.553451
2025-10-17,3894.85,3950.52,3675.37,3832.92,32083.845216
2025-10-18,3833.57,3928.64,3820.51,3890.28,7097.334042
2025-10-19,3890.31,4032.77,3822.68,3984.53,13499.337474
2025-10-20,3983.66,4085.52,3910.62,3980.61,12441.846056
2025-10-21,3980.57,4112.73,3841.3,3874.98,24040.261565
2025-10-22,3874.96,3891.06,3710.23,3805.51,20706.770321
2025-10-23,3805.8,3935.43,3796.87,3858.48,10699.448266
2025-10-24,3859.64,4025.06,3847.48,3935.92,11900.198039
2025-10-25,3935.8,3969.11,3913.55,3954.59,3501.312252
2025-10-26,3954.58,4181.2,3920.5,4159.0,9336.146128
2025-10-27,4158.79,4253.16,4095.31,4119.95,16993.351215
2025-10-28,4119.76,4175.34,3933.63,3980.06,12201.920636
2025-10-29,3979.43,4036.83,3840.0,3905.4,16103.123822
2025-10-30,3905.49,3949.27,3678.14,3804.28,26509.852824
2025-10-31,3804.73,3904.55,3795.85,3846.42,13531.110485
2025-11-01,3846.42,3907.14,3830.01,3873.37,3706.198072
2025-11-02,3872.28,3916.92,3838.66,3906.45,6679.958593
2025-11-03,3905.69,3913.43,3550.0,3603.1,20231.042358
2025-11-04,3602.93,3652.66,3057.81,3286.17,39934.624411
2025-11-05,3285.9,3480.38,3166.63,3424.61,19751.995455
2025-11-06,3422.93,3456.02,3243.62,3312.96,19815.053429
2025-11-07,3313.43,3472.24,3192.4,3434.41,20788.248058
2025-11-08,3434.88,3483.4,3355.31,3400.25,8909.805364
2025-11-09,3401.59,3620.85,3357.89,3582.64,12288.400466
2025-11-10,3581.68,3658.44,3506.45,3566.11,20911.49309
2025-11-11,3566.12,3646.78,3403.81,3415.62,15725.641424
2025-11-12,3415.8,3587.77,3370.21,3413.49,21520.260204
2025-11-13,3413.61,3564.81,3152.92,3229.53,27007.00867
2025-11-14,3229.25,3255.46,3068.19,3110.03,37121.991953
2025-11-15,3110.01,3228.11,3108.49,3165.95,10199.131603
2025-11-16,3165.95,3246.4,3003.33,3093.01,24817.432329
2025-11-17,3092.8,3219.98,2955.78,3027.4,25815.686058
2025-11-18,3027.86,3168.07,2944.18,3121.73,30837.202366
2025-11-19,3121.72,3123.18,2870.11,3022.54,30170.84199
2025-11-20,3022.2,3059.96,2788.14,2830.99,36031.647896
2025-11-21,2830.71,2882.6,2621.04,2763.7,43600.159922
2025-11-22,2763.71,2797.04,2702.47,2768.51,12977.629494
2025-11-23,2768.2,2856.83,2762.65,2800.93,14870.718461
2025-11-24,2800.1,2983.87,2761.98,2952.4,26565.693639
2025-11-25,2952.48,2978.73,2855.63,2958.57,22521.039093
2025-11-26,2958.54,3044.23,2887.97,3026.39,21113.313121
2025-11-27,3026.38,3070.83,2985.97,3014.73,10583.585753
2025-11-28,3014.92,3098.37,2993.99,3031.85,21441.57102
2025-11-29,3031.48,3053.08,2963.49,2989.63,8943.644967
2025-11-30,2989.63,3052.17,2977.04,2992.08,5189.756446
2025-12-01,2991.65,2998.79,2716.35,2798.35,23037.020666
2025-12-02,2798.49,3034.4,2782.02,2996.88,23720.073754
2025-12-03,2996.88,3216.79,2986.69,3189.25,19453.234575
2025-12-04,3189.26,3240.58,3034.29,3133.78,15758.629901
2025-12-05,3133.77,3193.7,2974.72,3022.28,20284.995477
2025-12-06,3022.28,3068.76,3013.26,3038.84,5226.90077
2025-12-07,3038.53,3150.05,2914.11,3060.05,12978.283203
2025-12-08,3060.56,3180.0,3041.34,3124.69,13025.396604
2025-12-09,3124.69,3397.04,3091.18,3318.73,15723.942135
2025-12-10,3318.51,3449.83,3250.0,3325.02,15995.711791
2025-12-11,3324.29,3327.91,3146.36,3237.65,21814.011637
2025-12-12,3237.64,3266.07,3044.88,3084.96,19500.691211
2025-12-13,3085.27,3135.68,3079.0,3115.26,7555.134373
2025-12-14,3114.55,3130.0,3028.09,3061.44,43066.620177
2025-12-15,3062.2,3176.06,2894.22,2964.01,33631.809346
2025-12-16,2964.0,2980.68,2874.74,2961.95,12659.938937
2025-12-17,2961.8,3029.12,2790.02,2832.23,23104.220794
2025-12-18,2832.53,2994.95,2773.07,2826.95,21255.100186
2025-12-19,2826.64,3018.06,2805.86,2978.04,22085.369383
2025-12-20,2978.04,2992.53,2966.39,2976.71,5888.748813
2025-12-21,2976.86,3011.4,2936.32,3001.15,10355.529254
2025-12-22,3001.15,3075.71,2962.66,3006.6,18500.410023
2025-12-23,3007.31,3033.77,2900.06,2962.8,12480.573189
2025-12-24,2963.62,2975.67,2881.62,2945.08,6871.536942
2025-12-25,2944.92,2968.52,2888.95,2902.62,7136.771981
2025-12-26,2901.02,2990.95,2892.89,2925.54,11424.212621
2025-12-27,2926.01,2958.37,2916.16,2946.49,3568.514972
2025-12-28,2946.65,2957.48,2924.3,2948.39,4444.780849
2025-12-29,2948.56,3052.29,2907.53,2934.77,15356.358757
2025-12-30,2934.39,3004.66,2914.44,2970.08,11383.556926
2025-12-31,2969.8,3022.28,2956.33,2966.62,13150.435905
2026-01-01,2966.79,3005.76,2966.43,2999.96,4557.607447
2026-01-02,2999.96,3148.51,2920.0,3124.11,30207.948736
2026-01-03,3124.11,3134.8,3075.26,3125.51,5922.810808
2026-01-04,3124.89,3165.24,3116.52,3143.19,6606.702891
2026-01-05,3143.03,3263.84,3133.62,3224.99,17296.818975
2026-01-06,3224.99,3307.17,3181.6,3295.39,14079.234945
2026-01-07,3295.4,3295.4,3123.35,3165.48,19982.309147
2026-01-08,3165.48,3180.84,3050.53,3103.48,22643.128532
2026-01-09,3103.48,3144.43,3048.5,3083.79,24718.742574
2026-01-10,3083.79,3099.26,3074.2,3081.71,29100.815311
2026-01-11,3081.71,3142.21,3080.06,3117.95,30627.313116
2026-01-12,3117.94,3166.55,3063.14,3091.79,26653.161851
2026-01-13,3091.65,3374.39,3088.34,3323.28,22359.624247
2026-01-14,3323.28,3403.2,3279.17,3354.74,27133.364936
2026-01-15,3354.41,3382.9,3272.65,3317.96,12749.060047
2026-01-16,3317.97,3326.01,3251.31,3294.78,11338.123121
2026-01-17,3294.79,3328.65,3282.5,3308.84,3407.219598
2026-01-18,3308.84,3367.15,3277.26,3282.84,4002.044165
2026-01-19,3282.83,3283.2,3163.05,3186.89,13092.647856
2026-01-20,3186.64,3198.01,2874.77,2936.45,26951.270728
2026-01-21,2936.75,3067.07,2863.42,2979.74,18647.938388
2026-01-22,2979.57,3035.58,2901.76,2949.11,10102.795283
2026-01-23,2949.11,3016.2,2888.77,2953.03,11023.157918
2026-01-24,2953.03,2966.02,2940.08,2948.87,2142.928
2026-01-25,2948.87,2955.53,2784.1,2813.95,13808.871576
2026-01-26,2813.69,2947.77,2809.62,2926.66,17112.055672
2026-01-27,2926.95,3031.24,2896.52,3022.13,14586.393094
2026-01-28,3022.96,3041.04,2980.0,3006.22,9258.667303
2026-01-29,3006.32,3008.67,2750.42,2817.69,16872.813162
2026-01-30,2818.07,2824.03,2632.94,2702.79,23322.651955
2026-01-31,2702.79,2709.91,2243.91,2449.23,60310.897172
2026-02-01,2449.23,2473.26,2220.95,2267.39,29660.426966
2026-02-02,2268.02,2394.02,2155.75,2343.79,40486.511938
2026-02-03,2345.0,2357.42,2107.62,2230.64,34729.606961
2026-02-04,2230.63,2292.44,2072.81,2143.89,40024.737337
2026-02-05,2143.44,2169.84,1811.39,1823.69,50114.188201
2026-02-06,1823.69,2091.1,1741.79,2061.45,63261.829349
2026-02-07,2061.69,2119.96,1993.56,2086.09,21502.030174
2026-02-08,2086.39,2149.86,2064.71,2088.28,13052.50007
2026-02-09,2088.27,2145.56,2004.68,2103.86,18344.552037
2026-02-10,2103.86,2123.01,1987.99,2021.61,20993.456472
2026-02-11,2021.56,2030.96,1902.17,1940.61,28441.058036
2026-02-12,1939.87,1999.97,1893.91,1945.89,14624.703068
2026-02-13,1945.58,2072.03,1923.21,2048.43,16987.944981
2026-02-14,2047.8,2106.27,2041.75,2085.78,8877.462257
2026-02-15,2085.14,2102.44,1928.11,1965.37,19699.773163
2026-02-16,1965.67,2021.72,1934.31,1997.28,13408.757225
2026-02-17,1997.41,2014.69,1940.28,1990.59,17826.003106
2026-02-18,1990.89,2037.76,1923.06,1955.7,17897.822758
2026-02-19,1955.32,1986.69,1906.4,1947.99,14232.708473
2026-02-20,1947.98,1980.69,1922.81,1968.03,14814.478168
2026-02-21,1968.01,1994.98,1956.07,1973.5,6084.518732
2026-02-22,1972.92,1982.55,1934.68,1957.14,6601.245172
2026-02-23,1956.89,1957.57,1837.24,1855.72,25522.502087
2026-02-24,1855.72,1868.6,1799.82,1851.87,19471.797792
2026-02-25,1852.13,2147.39,1846.67,2057.57,65625.849132
2026-02-26,2057.91,2083.31,1975.46,2027.79,25224.307854
2026-02-27,2027.79,2063.28,1886.12,1929.74,30749.071285
2026-02-28,1929.59,1985.19,1835.9,1965.1,30897.647261
2026-03-01,1964.79,2054.85,1907.8,1939.31,24497.412443
2026-03-02,1939.7,2091.6,1920.94,2027.23,24766.827494
2026-03-03,2027.25,2041.06,1928.65,1983.0,21747.715437
2026-03-04,1982.69,2200.0,1945.42,2127.94,23851.251318
2026-03-05,2128.31,2164.18,2055.38,2073.32,14622.460487
2026-03-06,2073.33,2093.72,1956.0,1978.35,10249.022588
2026-03-07,1979.03,1995.43,1948.48,1969.49,3561.690444
2026-03-08,1969.7,1979.87,1913.73,1937.41,11408.513837
2026-03-09,1937.27,2053.96,1929.78,1993.81,12969.581212
2026-03-10,1992.31,2088.72,1991.26,2037.27,12933.467276
2026-03-11,2037.12,2086.28,2008.05,2052.88,8665.778283
2026-03-12,2052.22,2095.16,2019.34,2073.87,7833.175576
2026-03-13,2072.71,2209.6,2070.32,2093.56,18629.405284
2026-03-14,2091.84,2105.98,2062.39,2096.73,3200.132931
2026-03-15,2096.64,2202.96,2083.89,2178.45,8174.660311
2026-03-16,2178.79,2386.03,2165.31,2352.77,20967.788959
2026-03-17,2352.72,2376.21,2297.09,2318.08,15250.299383
2026-03-18,2318.4,2350.31,2153.65,2203.21,12101.724996
2026-03-19,2203.29,2233.88,2099.4,2137.73,11051.898232
2026-03-20,2138.61,2176.67,2116.85,2146.24,8334.426599
2026-03-21,2146.76,2167.37,2070.82,2084.08,2961.362121
2026-03-22,2083.39,2126.77,2025.68,2052.91,8232.915743
2026-03-23,2054.85,2196.1,2022.4,2151.67,15323.214097
2026-03-24,2152.18,2175.06,2102.6,2155.69,7871.392866
2026-03-25,2155.69,2199.4,2146.15,2168.15,8462.093125
2026-03-26,2168.92,2171.25,2032.87,2059.07,9279.628799
2026-03-27,2058.8,2075.57,1965.77,1990.66,9660.503557
2026-03-28,1990.86,2043.28,1981.44,1993.46,6074.400089
2026-03-29,1992.87,2017.86,1937.45,1982.53,6026.283163
2026-03-30,1983.48,2082.95,1978.9,2024.42,8049.341199
2026-03-31,2024.55,2121.64,2010.72,2103.32,11568.229142
2026-04-01,2102.54,2167.19,2080.77,2139.54,9669.752252
2026-04-02,2139.96,2158.88,2016.53,2056.79,10278.118082
2026-04-03,2057.43,2081.11,2040.85,2053.47,3519.789341
2026-04-04,2052.71,2083.18,2044.56,2065.44,2745.09838
2026-04-05,2064.94,2121.79,2021.85,2109.34,6144.391401
2026-04-06,2109.45,2174.11,2088.18,2107.24,11308.174788
2026-04-07,2106.41,2272.73,2060.46,2240.32,10826.417166
2026-04-08,2239.71,2270.55,2179.68,2190.75,9517.491571
2026-04-09,2189.1,2246.4,2157.36,2189.89,7600.485717
2026-04-10,2188.25,2263.5,2176.66,2246.28,14451.882796
2026-04-11,2246.3,2330.21,2230.51,2285.57,9008.435081
2026-04-12,2285.14,2289.25,2176.64,2191.94,8283.467834
2026-04-13,2191.71,2395.0,2175.85,2370.7,10456.083164
2026-04-14,2370.16,2416.81,2304.36,2323.52,13746.930875
2026-04-15,2323.04,2386.66,2310.0,2359.58,7796.729168
2026-04-16,2360.35,2369.43,2285.42,2349.2,10064.949296
2026-04-17,2348.83,2465.85,2318.2,2421.73,16720.854971
2026-04-18,2419.73,2428.31,2340.41,2351.14,5613.162005
2026-04-19,2351.14,2355.98,2253.41,2263.62,7687.243505
2026-04-20,2263.97,2347.86,2261.2,2315.49,10216.703579
2026-04-21,2315.25,2340.46,2284.98,2328.22,8277.164103
2026-04-22,2327.9,2424.29,2313.8,2375.2,14998.280198
2026-04-23,2375.2,2382.42,2285.59,2331.08,9794.659518
2026-04-24,2331.08,2337.54,2301.05,2315.94,6307.559592
2026-04-25,2315.41,2323.42,2301.49,2319.76,1789.778911
2026-04-26,2320.03,2380.85,2307.21,2370.19,7326.207848
2026-04-27,2373.26,2404.57,2248.0,2303.39,9374.850777
2026-04-28,2303.62,2310.87,2257.97,2289.53,9555.126155
2026-04-29,2289.16,2346.33,2219.09,2252.51,7709.676238
2026-04-30,2252.15,2278.2,2231.03,2256.4,5256.364593
2026-05-01,2256.76,2326.29,2256.56,2295.45,5907.975929
2026-05-02,2295.38,2341.88,2293.36,2316.71,2615.988474
2026-05-03,2316.72,2356.31,2297.75,2322.28,3825.684319
2026-05-04,2322.44,2398.75,2308.93,2346.68,13949.996863
2026-05-05,2347.13,2399.54,2345.04,2361.25,10250.439122
2026-05-06,2360.4,2423.84,2337.51,2350.9,8220.086419
2026-05-07,2350.7,2352.48,2279.03,2290.86,7064.041138
2026-05-08,2291.13,2321.02,2264.42,2307.1,7215.614509
2026-05-09,2307.04,2337.88,2299.45,2327.17,2042.082172
2026-05-10,2326.07,2382.28,2312.25,2371.03,4136.651586
2026-05-11,2371.77,2374.68,2302.09,2339.53,5497.218188
2026-05-12,2339.52,2340.07,2255.85,2274.73,10242.019953
2026-05-13,2274.43,2322.81,2233.41,2257.98,5552.876635
2026-05-14,2257.31,2319.37,2237.77,2282.88,9458.563744
2026-05-15,2283.05,2299.8,2203.91,2222.97,8835.274031
2026-05-16,2223.33,2230.4,2161.82,2179.39,3933.808836
2026-05-17,2180.28,2197.61,2089.43,2130.32,3945.348664
2026-05-18,2129.71,2156.44,2076.4,2128.68,7522.352352
2026-05-19,2129.96,2144.74,2093.2,2110.2,5944.919419
2026-05-20,2109.76,2147.39,2101.33,2127.42,5407.478769
2026-05-21,2127.61,2155.11,2103.14,2131.52,7359.819908
2026-05-22,2131.68,2139.39,2055.43,2064.2,7341.97581
2026-05-23,2063.71,2147.14,2007.15,2115.0,15482.542589
2026-05-24,2115.23,2128.68,2060.04,2097.18,5371.988009
2026-05-25,2098.04,2140.28,2090.04,2111.34,5450.44391
2026-05-26,2111.82,2137.94,2052.63,2070.98,9547.677285
2026-05-27,2071.56,2093.64,2012.52,2022.02,6765.3127
2026-05-28,2022.02,2027.07,1964.18,2007.14,13914.295714
2026-05-29,2006.82,2042.97,1973.84,2011.74,13909.337366
2026-05-30,2011.71,2029.1,1999.5,2019.18,3836.885885
2026-05-31,2019.53,2034.55,1991.43,2004.0,5099.887095
2026-06-01,2004.07,2018.52,1954.24,2004.05,14446.560949
2026-06-02,2004.06,2004.19,1837.3,1857.44,24190.492903
2026-06-03,1857.43,1890.06,1768.72,1810.35,21703.495011
2026-06-04,1810.46,1818.25,1715.54,1768.77,26273.555282
2026-06-05,1768.67,1772.78,1539.63,1583.2,50122.018328
2026-06-06,1582.92,1600.87,1505.12,1569.2,16150.663558
2026-06-07,1569.07,1720.36,1563.62,1689.48,11126.783341
2026-06-08,1689.57,1713.68,1644.42,1689.82,14662.681279
2026-06-09,1689.37,1696.16,1613.34,1638.35,15543.505944
2026-06-10,1638.35,1666.22,1603.03,1620.41,10396.241867
2026-06-11,1619.97,1691.5,1619.97,1671.82,10267.069052
2026-06-12,1671.82,1689.81,1649.82,1665.45,7669.312404
2026-06-13,1665.54,1696.29,1661.4,1680.47,4573.285003
2026-06-14,1680.46,1731.02,1654.15,1724.68,4671.349172
2026-06-15,1724.76,1848.51,1708.57,1795.38,13576.784861
2026-06-16,1795.01,1837.82,1757.99,1791.27,9239.010313
2026-06-17,1791.86,1808.5,1724.65,1748.89,13233.146758
2026-06-18,1749.33,1761.28,1669.84,1709.75,11461.322935
2026-06-19,1709.24,1717.11,1677.49,1709.5,7300.040405
2026-06-20,1709.49,1747.82,1702.46,1738.94,6729.475059
2026-06-21,1738.86,1738.98,1699.62,1704.86,7729.615932
2026-06-22,1705.11,1777.56,1705.11,1726.4,10703.790224
2026-06-23,1725.86,1734.26,1634.64,1665.14,10719.159335
2026-06-24,1665.27,1688.93,1551.12,1619.79,14984.616612
2026-06-25,1619.93,1657.18,1531.14,1565.24,14402.003657
2026-06-26,1565.61,1592.09,1510.11,1576.59,15634.553289
2026-06-27,1576.35,1608.64,1560.9,1571.55,4641.052787
2026-06-28,1571.62,1586.13,1546.7,1569.53,4507.910345
2026-06-29,1569.47,1634.19,1548.57,1610.69,12160.228168
2026-06-30,1610.72,1611.67,1547.9,1569.74,14945.932762
2026-07-01,1569.74,1643.71,1550.89,1607.78,9625.141529
2026-07-02,1607.81,1722.57,1595.37,1698.41,18608.614497
2026-07-03,1698.44,1773.45,1692.86,1757.13,15583.594565
2026-07-04,1756.32,1805.99,1742.62,1779.16,9541.933403
2026-07-05,1779.14,1806.34,1746.97,1784.3,8144.28336
2026-07-06,1784.57,1832.0,1727.81,1798.39,10999.56554
2026-07-07,1798.41,1810.6,1755.49,1770.19,8632.045741
2026-07-08,1770.34,1783.51,1711.48,1742.22,9051.49026
2026-07-09,1742.06,1760.37,1720.55,1744.01,7326.749026
2026-07-10,1743.62,1810.01,1736.4,1795.72,12112.981932
2026-07-11,1795.73,1828.23,1785.81,1786.81,9684.535789
2026-07-12,1786.7,1825.37,1778.65,1805.51,5938.616897
2026-07-13,1805.67,1844.16,1748.34,1774.22,13348.626296
2026-07-14,1774.55,1894.94,1771.28,1890.22,17902.832232
2026-07-15,1890.77,1944.8,1863.34,1916.9,16470.917939
2026-07-16,1916.87,1927.65,1856.04,1863.03,14744.102153
2026-07-17,1863.39,1869.36,1801.73,1840.66,16137.261861
2026-07-18,1840.66,1866.3,1836.31,1861.82,3574.446848
2026-07-19,1861.81,1877.27,1850.7,1871.02,4618.934445
2026-07-20,1871.16,1916.76,1841.71,1903.48,17050.612012
2026-07-21,1903.32,1951.01,1899.58,1929.06,15667.222562
2026-07-22,1929.06,1955.51,1909.63,1933.32,14531.094615
2026-07-23,1933.53,1940.59,1867.37,1877.02,20854.49331
2026-07-24,1877.03,1908.24,1846.02,1860.08,19965.202071
2026-07-25,1859.88,1875.19,1849.33,1873.17,5166.314373
2026-07-26,1872.99,1965.0,1872.39,1953.23,14754.556072
2026-07-27,1953.24,1980.0,1881.26,1890.81,24046.215874
2026-07-28,1890.79,1926.73,1855.79,1920.05,21151.835599
2026-07-29,1919.79,1931.04,1872.0,1908.26,13842.559633
2026-07-30,1908.22,1934.98,1891.77,1916.64,11739.035706
2026-07-31,1916.64,1934.26,1846.43,1860.65,15544.010487
2026-08-01,1860.55,1873.59,1820.33,1843.12,5361.62955
2026-08-02,1843.34,1896.19,1842.12,1882.07,10000.394427
2026-08-03,1883.4,1883.99,1827.0,1858.81,13799.262637
2026-08-04,1859.03,1880.01,1846.88,1868.46,9626.244869
2026-08-05,1868.22,1925.98,1854.07,1907.1,14392.719646
2026-08-06,1907.22,1917.88,1890.45,1902.68,8167.46985
2026-08-07,1902.24,1940.66,1892.6,1913.17,13238.958102
2026-08-08,1913.16,1925.33,1911.45,1915.42,4473.648911
2026-08-09,1915.41,1936.11,1905.89,1909.07,4662.00959
2026-08-10,1909.07,1929.31,1866.07,1871.26,12840.250547
2026-08-11,1871.26,1896.24,1852.16,1881.27,11616.260753
2026-08-12,1880.07,1923.0,1870.94,1877.67,14755.659026
2026-08-13,1877.5,1898.01,1862.0,1884.37,13152.085305
2026-08-14,1884.37,1889.45,1862.04,1880.41,9650.349568
2026-08-15,1880.41,1884.92,1874.11,1880.97,2072.547567
2026-08-16,1880.96,1890.43,1867.5,1874.0,4169.158944
2026-08-17,1874.01,1916.93,1870.61,1912.09,12681.618367
2026-08-18,1912.09,1921.33,1883.91,1916.52,9690.243505
2026-08-19,1916.52,2336.09,1904.91,2252.01,48645.086193
2026-08-20,2251.69,2358.0,2222.06,2325.97,26768.514197
2026-08-21,2326.16,2546.31,2324.15,2515.55,37238.199215
2026-08-22,2515.77,2529.16,2385.26,2422.88,22306.14994
2026-08-23,2424.06,2484.73,2356.33,2462.75,20426.077889
2026-08-24,2463.45,2532.32,2424.93,2482.17,28254.415535
2026-08-25,2482.1,2532.75,2415.05,2442.73,17822.734473
2026-08-26,2442.94,2515.49,2432.01,2506.81,10361.854381
2026-08-27,2506.82,2566.0,2481.71,2511.47,11652.638536
2026-08-28,2511.47,2536.48,2405.31,2442.62,23106.98496
2026-08-29,2442.5,2459.96,2430.72,2457.63,3190.753477
2026-08-30,2457.88,2534.12,2387.07,2417.05,8247.747856
2026-08-31,2415.83,2488.99,2401.08,2467.04,10404.167472
2026-09-01,2465.54,2484.34,2382.71,2417.28,11329.714968
2026-09-02,2417.37,2426.76,2355.47,2390.97,9252.153217
2026-09-03,2390.65,2529.59,2369.6,2507.62,12207.214213
2026-09-04,2507.46,2546.17,2430.53,2456.16,10960.834669
2026-09-05,2456.31,2495.89,2445.02,2480.59,5311.650339
